<?xml version="1.0" encoding="UTF-8" standalone="yes"?>
<addon id="script.module.tikimeta" version="1.1.24" name="Tiki Meta Module" provider-name="Tiki">
    <requires>
        <import addon="xbmc.python" version="2.19.0"/>
    </requires>
    <extension point="xbmc.python.module" library="lib" />
    <extension point="xbmc.python.pluginsource" library="lib/default.py">
        <provides>executable</provides>
    </extension>
    <extension point="xbmc.addon.metadata">
        <summary>Metadata for Addons</summary>
        <description>Metadata for Addons</description>
        <platform>all</platform>
        <license>GNU GENERAL PUBLIC LICENSE. Version 3, 29 June 2007</license>
        <assets>
            <icon>icon.png</icon>
            <fanart>fanart.png</fanart>
        </assets>
        <news>
        </news>
    </extension>
</addon>
