<?xml version="1.0" encoding="UTF-8"?>
<window>
    <controls>
        <control type="image">
            <left>0</left>
            <top>0</top>
            <width>1920</width>
            <height>1080</height>
            <texture>common/black.png</texture>
            <animation type="WindowOpen" reversible="false">
                <effect type="fade" start="0" end="80" time="200" tween="sine" easing="in" />
            </animation>
        </control>
        <control type="group">
            <left>100</left>
            <top>135</top>
            <animation type="WindowOpen" reversible="false">
                <effect type="zoom" start="50" end="100" time="200" center="770,560" tween="quadratic" easing="out" />
            </animation>
            <control type="image">
                <height>810</height>
                <width>1720</width>
                <texture colordiffuse="FF302F2F">common/white.png</texture>
            </control>
            <control type="group">
                <control type="image">
                    <left>1170</left>
                    <top>10</top>
                    <aligny>left</aligny>
                    <height>792</height>
                    <width>550</width>
                    <aspectratio aligny="top">keep</aspectratio>
                    <texture>$INFO[Window.Property(tikiskins.text_media.poster)]</texture>
                </control>
                <control type="image">
                    <left>1655</left>
                    <top>18</top>
                    <width>45</width>
                    <height>45</height>
                    <align>right</align>
                    <aligny>top</aligny>
                    <aspectratio aligny="top">keep</aspectratio>
                    <texture colordiffuse="B3FCFCFC">common/fen.png</texture>
                </control>
                <control type="textbox">
                    <top>40</top>
                    <left>20</left>
                    <width>1120</width>
                    <height>750</height>
                    <font>font14</font>
                    <align>center</align>
                    <aligny>center</aligny>
                    <textcolor>FFB7B4BB</textcolor>
                    <label>$INFO[Window.Property(tikiskins.text_media.text)]</label>
                    <pagecontrol>2060</pagecontrol>
                </control>
                <control type="scrollbar" id="2060">
                    <left>1148</left>
                    <top>5</top>
                    <width>30</width>
                    <height>805</height>
                    <texturesliderbackground border="15">scrollbars/scrollbaruni-bg.png</texturesliderbackground>
                    <texturesliderbar border="15">scrollbars/scrollbaruni-bar.png</texturesliderbar>
                    <texturesliderbarfocus colordiffuse="FF737272" border="15">scrollbars/scrollbaruni-bar-focus.png</texturesliderbarfocus>
                    <textureslidernib>scrollbars/scrollbaruni-nib.png</textureslidernib>
                    <textureslidernibfocus>scrollbars/scrollbaruni-nib.png</textureslidernibfocus>
                    <onleft>2060</onleft>
                    <onright>2060</onright>
                    <showonepage>false</showonepage>
                    <orientation>vertical</orientation>
                </control>
            </control>
        </control>
    </controls>
</window>
