<?xml version="1.0" encoding="UTF-8"?>
<addon id="plugin.video.fen" version="1.5.15" name="Fen" provider-name="Tiki">
    <requires>
        <import addon="script.module.requests" version="2.3.0"/>
        <import addon="script.module.beautifulsoup4" version="0.6.0"/>
        <import addon="script.tiki.artwork" version="1.0.0"/>
        <import addon="script.module.tikiscrapers" version="1.0.0" />
        <import addon="script.module.tikimeta" version="1.0.0" />
        <import addon="script.module.resolveurl" version="1.0.0"/>
    </requires>
    <extension point="xbmc.python.pluginsource" library="fen.py">
        <provides>audio video</provides>
    </extension>
    <extension point="xbmc.service" library="service.py" start="startup">
    </extension>
    <extension point="xbmc.addon.metadata">
        <summary>
            Specializes in Furk and Easynews.
        </summary>
        <description>
Specializes in Furk and Easynews(web) account access.
Also provides external Exodus style providers for those without a Furk or Easynews(web) account.
        </description>
        <platform>all</platform>
        <disclaimer>
        </disclaimer>
        <license>GNU GENERAL PUBLIC LICENSE. Version 3, 29 June 2007</license>
        <assets>
            <icon>icon.png</icon>
            <fanart>fanart.png</fanart>
        </assets>
        <news>
INFO: For latest changes see Changelog within Tools of add-on.
        </news>
    </extension>
</addon>

