<?xml version="1.0" encoding="UTF-8"?>
<addon id="skin.enrich.leia" version="6.1.7" name="Enrich Leia" provider-name="Peter S.">
	<requires>
		<import addon="xbmc.gui" version="5.14.0"/>
		<import addon="script.skinshortcuts" version="1.0.10"/>
    	<import addon="script.skin.helper.service" version="1.1.0"/>
    	<import addon="script.extendedinfo" version="5.6.0"/>
    	<import addon="script.skin.helper.colorpicker" version="1.0.1"/>
    	<import addon="script.skin.helper.widgets" version="1.0.22"/>
    	<import addon="script.skin.helper.skinbackup" version="1.0.12"/>
    	<import addon="script.image.resource.select" version="2.0.2"/>
    	<import addon="service.library.data.provider" version="0.3.0"/>
	</requires>
	<extension point="xbmc.gui.skin" debugging="false" effectslowdown="0.75">
		<res width="1920" height="1080" aspect="16:9" default="true" folder="1080p" />
	</extension>
	<extension point="xbmc.addon.metadata">
		<summary lang="en_AU">Enrich Skin by Peter S.</summary>
	    <summary lang="en_GB">Enrich Skin by Peter S.</summary>
	    <summary lang="en_NZ">Enrich Skin by Peter S.</summary>
	    <summary lang="en_US">Enrich Skin by Peter S.</summary>
		<description lang="en_AU">Enrich is a skin heavily based on Confluence, with inspiration from Mimic, Unity and Confluence Zeitgeist. All effort has been given to ENRICH the skin with needed features missing from standard Confluence.</description>
	    <description lang="en_GB">Enrich is a skin heavily based on Confluence, with inspiration from Mimic, Unity and Confluence Zeitgeist. All effort has been given to ENRICH the skin with needed features missing from standard Confluence.</description>
	    <description lang="en_NZ">Enrich is a skin heavily based on Confluence, with inspiration from Mimic, Unity and Confluence Zeitgeist. All effort has been given to ENRICH the skin with needed features missing from standard Confluence.</description>
	    <description lang="en_US">Enrich is a skin heavily based on Confluence, with inspiration from Mimic, Unity and Confluence Zeitgeist. All effort has been given to ENRICH the skin with needed features missing from standard Confluence.</description>
		<platform>all</platform>
		<license>GNU General Public License version 2</license>
		<forum></forum>
		<website></website>
		<email></email>
		<source></source>
		<assets>
			<icon>resources/icon.png</icon>
			<fanart>resources/fanart.jpg</fanart>
			<screenshot>resources/screenshot-01.jpg</screenshot>
			<screenshot>resources/screenshot-02.jpg</screenshot>
			<screenshot>resources/screenshot-03.jpg</screenshot>
			<screenshot>resources/screenshot-04.jpg</screenshot>
			<screenshot>resources/screenshot-05.jpg</screenshot>
			<screenshot>resources/screenshot-06.jpg</screenshot>
			<screenshot>resources/screenshot-07.jpg</screenshot>
			<screenshot>resources/screenshot-08.jpg</screenshot>
			<screenshot>resources/screenshot-09.jpg</screenshot>
			<screenshot>resources/screenshot-10.jpg</screenshot>
		</assets>
		<news>
			Recent Changes...

			[B]4.8.0 [06.04.2017][/B]
			- Added option to choose max. no. of items in media widgets
			- Consolidated Home Menus into one Include

			[B]4.7.5 [06.04.2017][/B]
			- Integrated Home Search Menu and Home Shutdown Menu into Main Home Menu
			- Added 'All Addons' to Add-on Browser
			- Fixed 'Add-on Chooser' title label colour

			[B]4.7.0 [06.04.2017][/B]
			- Integrated Home Power Menu into Main Home Menu (left click for Submenu, additional left click for Power Menu)
			- Increased Items in 'Settings' widget

			[B]4.6.7 [06.04.2017][/B]
			- Simplified Skin Shortcuts Template
			- Added Menu options to Skin Shortcuts
			- Added Wide Widget option to some widget choices
			- Change Video OSD
			- Change Fullscreen Video Info
			- Change Now Playing Info on Home screen
			- Change Home Menu behaviour
			- Added 'Settings', 'Addons', 'Addon-Favourites', 'SubMenu' and 'Favourites' Widgets
			- Added 'script.image.resource.select' as dependency
			- Added support to choose 'Weather Icon'
			- Skinned 'Global Search' Windows
			- Skinned 'LibreElec' Window
			- Cleaned up Code


			[B]4.4.5 [23.03.2017][/B]
			- Change Video OSD
			- Change Fullscreen Video Info 

			[B]4.4.3 [22.03.2017][/B]
			- Fixed Extended Info not showing in video add-ons
		</news>
	</extension>
</addon>