<?xml version="1.0" encoding="UTF-8" standalone="yes"?>
<addon id="context.furkitcontextmenu" name="Furk It Context Menu" version="1.0.0" provider-name="Furk It">
  <requires>
    <import addon="xbmc.python" version="2.25.0"/>
  </requires>
  <extension point="kodi.context.item">
        <menu id="kodi.core.main">
            <item library="mark_watched.py">
                <label>Mark Watched Furk It</label>
                <visible>[String.IsEqual(ListItem.dbtype,movie) | String.IsEqual(ListItem.dbtype,episode)] + String.IsEqual(ListItem.Property(furkit_widget),true) + String.IsEqual(ListItem.Property(furkit_playcount),0)</visible>
            </item>
            <item library="mark_unwatched.py">
                <label>Mark Unwatched Furk It</label>
                <visible>[String.IsEqual(ListItem.dbtype,movie) | String.IsEqual(ListItem.dbtype,episode)] + String.IsEqual(ListItem.Property(furkit_widget),true) + String.IsEqual(ListItem.Property(furkit_playcount),1)</visible>
            </item>
            <item library="playback_context_menu.py">
                <label>Furk It Settings</label>
                <visible>[String.IsEqual(ListItem.dbtype,movie) | String.IsEqual(ListItem.dbtype,episode)] + [String.IsEqual(ListItem.FileExtension,strm) | String.IsEqual(ListItem.Property(furkit_widget),true)]</visible>
            </item>
        </menu>
    </extension>
  <extension point="xbmc.service"
              library="service.py" start="startup">
  </extension>
  <extension point="kodi.addon.metadata">
    <platform>all</platform>
    <summary lang="en">Access Furk It Playback Settings from Kodi</summary>
    <description lang="en">Access Furk It Playback Settings from Kodi.</description>
    <license>GNU GENERAL PUBLIC LICENSE. Version 3, 29 June 2007</license>
    <forum></forum>
    <source></source>
  </extension>
</addon>