<?xml version="1.0" encoding="UTF-8" standalone="yes"?>
<addon id="context.fencontextmenu" name="Fen Context Menu" version="1.0.17" provider-name="Tikipeter">
    <extension point="kodi.context.item">
        <menu id="kodi.core.main">
            <item library="lib/refresh_widgets.py">
                <label>32001</label>
                <visible>String.IsEqual(ListItem.Property(fen_widget),true)</visible>
            </item>
            <item library="lib/mark_watched.py">
                <label>32003</label>
                <visible>[String.IsEqual(ListItem.dbtype,movie) | String.IsEqual(ListItem.dbtype,episode)] + String.IsEqual(ListItem.Property(fen_widget),true) + String.IsEqual(ListItem.Property(fen_playcount),0)</visible>
            </item>
            <item library="lib/mark_unwatched.py">
                <label>32004</label>
                <visible>[String.IsEqual(ListItem.dbtype,movie) | String.IsEqual(ListItem.dbtype,episode)] + String.IsEqual(ListItem.Property(fen_widget),true) + String.IsEqual(ListItem.Property(fen_playcount),1)</visible>
            </item>
            <item library="lib/browse_into.py">
                <label>32002</label>
                <visible>String.IsEqual(ListItem.dbtype,episode) + String.IsEqual(ListItem.Property(fen_widget),true)</visible>
            </item>
            <item library="lib/trakt_lists_manager.py">
                <label>32005</label>
                <visible>[String.IsEqual(ListItem.dbtype,movie) | String.IsEqual(ListItem.dbtype,tvshow)] + String.IsEqual(ListItem.Property(fen_widget),true)</visible>
            </item>
            <item library="lib/favorites_manager.py">
                <label>32008</label>
                <visible>[String.IsEqual(ListItem.dbtype,movie) | String.IsEqual(ListItem.dbtype,tvshow)] + String.IsEqual(ListItem.Property(fen_widget),true)</visible>
            </item>
            <item library="lib/extras.py">
                <label>32006</label>
                <visible>String.IsEqual(ListItem.Property(fen_widget),true)</visible>
            </item>
            <item library="lib/options_menu.py">
                <label>32007</label>
                <visible>String.IsEqual(ListItem.Property(fen_widget),true)</visible>
            </item>
        </menu>
    </extension>
  <extension point="xbmc.service"
              library="service.py" start="startup">
  </extension>
  <extension point="kodi.addon.metadata">
    <platform>all</platform>
    <summary lang="en">Access Fen Options, Settings and Features from Kodi Widgets</summary>
    <description lang="en">Access Fen Options, Settings and Features from Kodi Widgets</description>
    <license>GNU GENERAL PUBLIC LICENSE. Version 3, 29 June 2007</license>
    <forum></forum>
    <source></source>
  </extension>
</addon>