<?xml version="1.0" encoding="UTF-8" standalone="yes"?>
<addon id="context.fencontextmenu" name="Fen Context Menu" version="1.0.06" provider-name="Tikipeter">
  <requires>
    <import addon="xbmc.python" version="2.25.0"/>
  </requires>
  <extension point="kodi.context.item">
        <menu id="kodi.core.main">
            <item library="lib/refresh_widgets.py">
                <label>[B]Fen Refresh Widgets[/B]</label>
                <visible>String.IsEqual(ListItem.Property(fen_widget),true)</visible>
            </item>
            <item library="lib/browse_into.py">
                <label>[B]Fen Browse Series[/B]</label>
                <visible>String.IsEqual(ListItem.dbtype,episode) + String.IsEqual(ListItem.Property(fen_widget),true)</visible>
            </item>
            <item library="lib/mark_watched.py">
                <label>[B]Fen Mark Watched[/B]</label>
                <visible>[String.IsEqual(ListItem.dbtype,movie) | String.IsEqual(ListItem.dbtype,episode)] + String.IsEqual(ListItem.Property(fen_widget),true) + String.IsEqual(ListItem.Property(fen_playcount),0)</visible>
            </item>
            <item library="lib/mark_unwatched.py">
                <label>[B]Fen Mark Unwatched[/B]</label>
                <visible>[String.IsEqual(ListItem.dbtype,movie) | String.IsEqual(ListItem.dbtype,episode)] + String.IsEqual(ListItem.Property(fen_widget),true) + String.IsEqual(ListItem.Property(fen_playcount),1)</visible>
            </item>
            <item library="lib/add_remove.py">
                <label>[B]Fen Add/Remove[/B]</label>
                <visible>[String.IsEqual(ListItem.dbtype,movie) | String.IsEqual(ListItem.dbtype,tvshow)] + String.IsEqual(ListItem.Property(fen_widget),true)</visible>
            </item>
            <item library="lib/extras.py">
                <label>[B]Fen Extras...[/B]</label>
                <visible>[String.IsEqual(ListItem.dbtype,movie) | String.IsEqual(ListItem.dbtype,tvshow)] + String.IsEqual(ListItem.Property(fen_widget),true)</visible>
            </item>
            <item library="lib/options_menu.py">
                <label>[B]Fen Options[/B]</label>
                <visible>[String.IsEqual(ListItem.dbtype,movie) | String.IsEqual(ListItem.dbtype,tvshow) | String.IsEqual(ListItem.dbtype,episode)] + [String.IsEqual(ListItem.FileExtension,strm) | String.IsEqual(ListItem.Property(fen_widget),true)]</visible>
            </item>
        </menu>
    </extension>
  <extension point="xbmc.service"
              library="service.py" start="startup">
  </extension>
  <extension point="kodi.addon.metadata">
    <platform>all</platform>
    <summary lang="en">Access Fen Playback Settings from Kodi</summary>
    <description lang="en">Access Fen Playback Settings from Kodi.</description>
    <license>GNU GENERAL PUBLIC LICENSE. Version 3, 29 June 2007</license>
    <forum></forum>
    <source></source>
  </extension>
</addon>