<?xml version='1.0' encoding='UTF-8'?>
<shortcuts>
	<shortcut>
		<defaultID>20386</defaultID>
		<label>Recently Added</label>
		<label2>Videos</label2>
		<icon>DefaultRecentlyAddedMovies.png</icon>
		<thumb />
		<action>ActivateWindow(Videos,videodb://recentlyaddedmovies/,return)</action>
	</shortcut>
	<shortcut>
		<defaultID>20434</defaultID>
		<label>20434</label>
		<label2>Movies</label2>
		<icon>DefaultShortcut.png</icon>
		<thumb />
		<action>ActivateWindow(Videos,videodb://movies/sets/,return)</action>
	</shortcut>
	<shortcut>
		<defaultID>135</defaultID>
		<label>135</label>
		<label2>Movies</label2>
		<icon>DefaultShortcut.png</icon>
		<thumb />
		<action>ActivateWindow(Videos,videodb://movies/genres/,return)</action>
	</shortcut>
	<shortcut>
		<defaultID>562</defaultID>
		<label>562</label>
		<label2>Movies</label2>
		<icon>DefaultShortcut.png</icon>
		<thumb />
		<action>ActivateWindow(Videos,videodb://movies/years/,return)</action>
	</shortcut>
</shortcuts>
