<?xml version='1.0' encoding='UTF-8'?>
<shortcuts>
	<shortcut>
		<defaultID>20387</defaultID>
		<label>Recently Added</label>
		<label2>Videos</label2>
		<icon>DefaultRecentlyAddedEpisodes.png</icon>
		<thumb />
		<action>ActivateWindow(Videos,videodb://recentlyaddedepisodes/,return)</action>
	</shortcut>
	<shortcut>
		<defaultID>135</defaultID>
		<label>135</label>
		<label2>TV shows</label2>
		<icon>DefaultShortcut.png</icon>
		<thumb />
		<action>ActivateWindow(Videos,videodb://tvshows/genres/,return)</action>
	</shortcut>
	<shortcut>
		<defaultID>562</defaultID>
		<label>562</label>
		<label2>TV shows</label2>
		<icon>DefaultShortcut.png</icon>
		<thumb />
		<action>ActivateWindow(Videos,videodb://tvshows/years/,return)</action>
	</shortcut>
</shortcuts>
