<?xml version="1.0" encoding="UTF-8"?>
<window>
    <defaultcontrol>5</defaultcontrol>
    <coordinates>
        <left>360</left>
        <top>138</top>
    </coordinates>
    <include>dialogeffect</include>
    <controls>
        <control type="group">
            <animation effect="fade" start="100" end="0" time="150" condition="Window.Is(contentsettings) + Window.IsActive(AddonSettings)">Conditional</animation>
            <animation effect="fade" start="100" end="0" time="300" condition="[Window.Is(osdaudiosettings) | Window.Is(osdvideosettings)] + [Window.IsVisible(SliderDialog) | Window.IsVisible(OSDAudioDSPSettings) |  Window.IsVisible(FileBrowser)]">Conditional</animation>
            <animation effect="fade" start="100" end="0" time="400" condition="Window.Is(osdaudiodspsettings) + Window.IsVisible(SliderDialog)">Conditional</animation>
            <include content="DialogBackgroundCommons">
                <param name="DialogBackgroundWidth" value="1200" />
                <param name="DialogBackgroundHeight" value="900" />
                <param name="DialogHeaderWidth" value="1080" />
                <param name="DialogHeaderId" value="2" />
                <param name="CloseButtonLeft" value="1065" />
                <param name="CloseButtonNav" value="3" />
            </include>
            <control type="grouplist" id="3">
                <description>Categories Area</description>
                <left>68</left>
                <top>105</top>
                <width>1065</width>
                <height>60</height>
                <orientation>horizontal</orientation>
                <onleft>3</onleft>
                <onright>3</onright>
                <onup>9001</onup>
                <ondown>5</ondown>
                <align>center</align>
            </control>
            <control type="button" id="10">
                <description>Default Category Button</description>
                <width>260</width>
                <height>60</height>
                <textoffsetx>30</textoffsetx>
                <align>center</align>
                <aligny>center</aligny>
                <font>font25_title</font>
                <texturenofocus border="8">button-nofocus.png</texturenofocus>
                <texturefocus colordiffuse="$VAR[ColorHighlightVar]" border="8">button-focus.png</texturefocus>
            </control>
            <control type="image">
                <description>Has Previous</description>
                <left>38</left>
                <top>120</top>
                <width>30</width>
                <height>30</height>
                <texture>scroll-left-focus.png</texture>
                <visible>Container(3).HasPrevious</visible>
            </control>
            <control type="image">
                <description>Has Next</description>
                <left>1132</left>
                <top>120</top>
                <width>30</width>
                <height>30</height>
                <texture>scroll-right-focus.png</texture>
                <visible>Container(3).HasNext</visible>
            </control>
            <control type="grouplist" id="5">
                <description>control area</description>
                <left>37</left>
                <top>180</top>
                <width>1095</width>
                <height>462</height>
                <itemgap>6</itemgap>
                <pagecontrol>60</pagecontrol>
                <onup>3</onup>
                <ondown>9001</ondown>
                <onleft>60</onleft>
                <onright>60</onright>
            </control>
            <control type="scrollbar" id="60">
                <left>1137</left>
                <top>180</top>
                <width>30</width>
                <height>462</height>
                <texturesliderbackground border="15">scrollbars/scrollbaruni-bg.png</texturesliderbackground>
                <texturesliderbar border="15">scrollbars/scrollbaruni-bar.png</texturesliderbar>
                <texturesliderbarfocus colordiffuse="$VAR[ColorHighlightVar]" border="15">scrollbars/scrollbaruni-bar-focus.png</texturesliderbarfocus>
                <textureslidernib>scrollbars/scrollbaruni-nib.png</textureslidernib>
                <textureslidernibfocus>scrollbars/scrollbaruni-nib.png</textureslidernibfocus>
                <onleft>5</onleft>
                <onright>5</onright>
                <ondown>60</ondown>
                <onup>60</onup>
                <showonepage>false</showonepage>
                <orientation>vertical</orientation>
            </control>
            <control type="button" id="7">
                <description>Default Button</description>
                <height>60</height>
                <font>font13</font>
                <texturefocus colordiffuse="$VAR[ColorHighlightVar]" border="8">button-focus2.png</texturefocus>
            </control>
            <control type="radiobutton" id="8">
                <description>Default RadioButton</description>
                <height>60</height>
                <font>font13</font>
                <texturefocus colordiffuse="$VAR[ColorHighlightVar]" border="8">button-focus2.png</texturefocus>
            </control>
            <control type="spincontrolex" id="9">
                <description>Default SpinControlex</description>
                <height>60</height>
                <font>font13</font>
                <textcolor>grey2</textcolor>
                <focusedcolor>white</focusedcolor>
                <texturenofocus border="8">button-nofocus.png</texturenofocus>
                <texturefocus colordiffuse="$VAR[ColorHighlightVar]" border="8">button-focus2.png</texturefocus>
                <aligny>center</aligny>
                <reverse>yes</reverse>
            </control>
            <control type="image" id="11">
                <description>separator image</description>
                <height>3</height>
                <texture>separator2.png</texture>
            </control>
            <control type="edit" id="12">
                <description>Default Edit</description>
                <height>60</height>
                <font>font13</font>
                <textcolor>grey2</textcolor>
                <focusedcolor>white</focusedcolor>
                <texturenofocus border="8">button-nofocus.png</texturenofocus>
                <texturefocus colordiffuse="$VAR[ColorHighlightVar]" border="8">button-focus2.png</texturefocus>
            </control>
            <control type="sliderex" id="13">
                <description>Default Slider</description>
                <height>60</height>
                <texturenofocus border="8">button-nofocus.png</texturenofocus>
                <texturefocus colordiffuse="$VAR[ColorHighlightVar]" border="8">button-focus2.png</texturefocus>
                <font>font13</font>
                <textcolor>grey2</textcolor>
                <focusedcolor>white</focusedcolor>
            </control>
            <control type="label" id="14">
                <description>Default Heading</description>
                <height>51</height>
                <font>font13_title</font>
                <align>left</align>
                <aligny>center</aligny>
                <textcolor>$VAR[ColorHighlightVar]</textcolor>
                <shadowcolor>black</shadowcolor>
            </control>
            <control type="grouplist" id="9001">
                <left>105</left>
                <top>664</top>
                <width>990</width>
                <align>center</align>
                <itemgap>30</itemgap>
                <orientation>horizontal</orientation>
                <control type="button" id="28">
                    <description>OK Button</description>
                    <top>0</top>
                    <width>300</width>
                    <height>60</height>
                    <align>center</align>
                    <aligny>center</aligny>
                    <font>font12_title</font>
                    <onleft>30</onleft>
                    <onright>29</onright>
                    <onup>5</onup>
                    <ondown>5</ondown>
                </control>
                <control type="button" id="29">
                    <label />
                    <description>Cancel Button</description>
                    <top>0</top>
                    <width>300</width>
                    <height>60</height>
                    <align>center</align>
                    <aligny>center</aligny>
                    <font>font12_title</font>
                    <onleft>28</onleft>
                    <onright>30</onright>
                    <onup>5</onup>
                    <ondown>5</ondown>
                </control>
                <control type="button" id="30">
                    <description>Settings Button</description>
                    <top>0</top>
                    <width>300</width>
                    <height>60</height>
                    <align>center</align>
                    <aligny>center</aligny>
                    <font>font12_title</font>
                    <onleft>29</onleft>
                    <onright>28</onright>
                    <onup>5</onup>
                    <ondown>5</ondown>
                </control>
            </control>
        </control>
    </controls>
</window>
