<?xml version="1.0" encoding="UTF-8"?>
<includes>
    <include name="CommonBackground">
        <control type="image">
            <description>Normal Default Background Image</description>
            <include>BackgroundDimensions</include>
            <aspectratio>scale</aspectratio>
            <texture colordiffuse="$VAR[DefaultBackground_Opacity]" fallback="special://skin/backgrounds/SKINDEFAULT.jpg">$INFO[Skin.CurrentTheme,special://skin/backgrounds/,.jpg]</texture>
            <visible>![Skin.HasSetting(UseCustomBackground) + !IsEmpty(Skin.String(CustomBackgroundPath))]</visible>
            <include>VisibleFadeEffect</include>
        </control>
        <control type="image">
            <description>User Set Background Image</description>
            <include>BackgroundDimensions</include>
            <aspectratio>scale</aspectratio>
            <texture colordiffuse="$VAR[DefaultBackground_Opacity]">$INFO[Skin.String(CustomBackgroundPath)]</texture>
            <visible>Skin.HasSetting(UseCustomBackground) + !IsEmpty(Skin.String(CustomBackgroundPath))</visible>
            <include>VisibleFadeEffect</include>
        </control>
        <control type="image">
            <include>BackgroundDimensions</include>
            <description>Fanart Image</description>
            <aspectratio>scale</aspectratio>
            <texture background="true" colordiffuse="$VAR[Fanart_Opacity]">$INFO[ListItem.Art(fanart)]</texture>
            <include>backgroundfade</include>
            <fadetime>FanartCrossfadeTime</fadetime>
            <visible>!Skin.HasSetting(HideBackGroundFanart) + !IsEmpty(ListItem.Property(Fanart_Image))</visible>
            <include>Window_OpenClose_Animation</include>
            <visible>![Player.HasVideo + !Skin.HasSetting(ShowBackgroundVideo)]</visible>
        </control>
        <control type="image">
            <include>BackgroundDimensions</include>
            <texture>special://skin/backgrounds/media-overlay.jpg</texture>
            <visible>[Player.HasVideo + !Skin.HasSetting(ShowBackgroundVideo)] + !Window.IsVisible(TVChannels) + !Window.IsVisible(RadioChannels)</visible>
            <include>VisibleFadeEffect</include>
        </control>
        <control type="visualisation">
            <left>0</left>
            <top>0</top>
            <width>1920</width>
            <height>1080</height>
            <visible>Player.HasAudio + !Skin.HasSetting(ShowBackgroundVis)</visible>
            <visible>IsEmpty(Window(Videos).Property(PlayingBackgroundMedia))</visible>
        </control>
        <control type="videowindow">
            <depth>DepthBackground</depth>
            <left>0</left>
            <top>0</top>
            <width>1920</width>
            <height>1080</height>
            <visible>Player.HasVideo + !Skin.HasSetting(ShowBackgroundVideo) + !Window.IsVisible(TVChannels) + !Window.IsVisible(RadioChannels)</visible>
        </control>
        <control type="image">
            <left>-30</left>
            <top>-60</top>
            <width>1980</width>
            <height>180</height>
            <texture flipy="true" border="1">HomeNowPlayingBack.png</texture>
            <visible>[Player.HasVideo + !Skin.HasSetting(ShowBackgroundVideo)] | [Player.HasAudio + ![Skin.HasSetting(ShowBackgroundVis) | !IsEmpty(Window(Videos).Property(PlayingBackgroundMedia))]] | [!Skin.HasSetting(HideBackGroundFanart) + !IsEmpty(ListItem.Property(Fanart_Image))]</visible>
            <include>VisibleFadeEffect</include>
        </control>
    </include>
    <include name="CommonBackground2">
        <control type="image">
            <description>Normal Default Background Image</description>
            <include>BackgroundDimensions</include>
            <aspectratio>scale</aspectratio>
            <texture fallback="special://skin/backgrounds/SKINDEFAULT.jpg">$INFO[Skin.CurrentTheme,special://skin/backgrounds/,.jpg]</texture>
            <visible>![Skin.HasSetting(UseCustomBackground) + !IsEmpty(Skin.String(CustomBackgroundPath))]</visible>
            <include>VisibleFadeEffect</include>
        </control>
        <control type="image">
            <description>User Set Background Image</description>
            <include>BackgroundDimensions</include>
            <aspectratio>scale</aspectratio>
            <texture>$INFO[Skin.String(CustomBackgroundPath)]</texture>
            <visible>Skin.HasSetting(UseCustomBackground) + !IsEmpty(Skin.String(CustomBackgroundPath))</visible>
            <include>VisibleFadeEffect</include>
        </control>
        <control type="image">
            <include>BackgroundDimensions</include>
            <description>Fanart Image</description>
            <aspectratio>scale</aspectratio>
            <texture background="true">$INFO[ListItem.Art(fanart)]</texture>
            <include>backgroundfade</include>
            <fadetime>FanartCrossfadeTime</fadetime>
            <visible>!Skin.HasSetting(HideBackGroundFanart) + !IsEmpty(ListItem.Property(Fanart_Image))</visible>
            <include>Window_OpenClose_Animation</include>
            <visible>![Player.HasVideo + !Skin.HasSetting(ShowBackgroundVideo)]</visible>
        </control>
        <control type="image">
            <include>BackgroundDimensions</include>
            <texture>special://skin/backgrounds/media-overlay.jpg</texture>
            <visible>[Player.HasVideo + !Skin.HasSetting(ShowBackgroundVideo)] + !Window.IsVisible(TVChannels) + !Window.IsVisible(RadioChannels)</visible>
            <include>VisibleFadeEffect</include>
        </control>
        <control type="visualisation">
            <left>0</left>
            <top>0</top>
            <width>1920</width>
            <height>1080</height>
            <visible>Player.HasAudio + !Skin.HasSetting(ShowBackgroundVis)</visible>
            <visible>IsEmpty(Window(Videos).Property(PlayingBackgroundMedia))</visible>
        </control>
        <control type="videowindow">
            <depth>DepthBackground</depth>
            <left>0</left>
            <top>0</top>
            <width>1920</width>
            <height>1080</height>
            <visible>Player.HasVideo + !Skin.HasSetting(ShowBackgroundVideo) + !Window.IsVisible(TVChannels) + !Window.IsVisible(RadioChannels)</visible>
        </control>
        <control type="image">
            <left>-30</left>
            <top>-60</top>
            <width>1980</width>
            <height>180</height>
            <texture flipy="true" border="1">HomeNowPlayingBack.png</texture>
            <visible>[Player.HasVideo + !Skin.HasSetting(ShowBackgroundVideo)] | [Player.HasAudio + ![Skin.HasSetting(ShowBackgroundVis) | !IsEmpty(Window(Videos).Property(PlayingBackgroundMedia))]] | [!Skin.HasSetting(HideBackGroundFanart) + !IsEmpty(ListItem.Property(Fanart_Image))]</visible>
            <include>VisibleFadeEffect</include>
        </control>
    </include>
    <include name="CommonBackgroundHome">
        <control type="image">
            <description>Normal Default Background Image</description>
            <include>BackgroundDimensions</include>
            <aspectratio>scale</aspectratio>
            <texture fallback="special://skin/backgrounds/SKINDEFAULT.jpg">$INFO[Skin.CurrentTheme,special://skin/backgrounds/,.jpg]</texture>
            <visible>![Skin.HasSetting(UseCustomBackground) + !IsEmpty(Skin.String(CustomBackgroundPath))]</visible>
            <include>VisibleFadeEffect</include>
        </control>
        <control type="image">
            <description>User Set Background Image</description>
            <include>BackgroundDimensions</include>
            <aspectratio>scale</aspectratio>
            <texture>$INFO[Skin.String(CustomBackgroundPath)]</texture>
            <visible>Skin.HasSetting(UseCustomBackground) + !IsEmpty(Skin.String(CustomBackgroundPath))</visible>
            <include>VisibleFadeEffect</include>
        </control>
        <control type="image">
            <include>BackgroundDimensions</include>
            <description>Fanart Image</description>
            <aspectratio>scale</aspectratio>
            <texture colordiffuse="$VAR[WidgetBackground_Opacity]" background="true">$INFO[ListItem.Art(fanart)]</texture>
            <include>backgroundfade</include>
            <fadetime>FanartCrossfadeTime</fadetime>
            <visible>!Skin.HasSetting(HideBackGroundFanart) + !IsEmpty(ListItem.Property(Fanart_Image))</visible>
            <include>Window_OpenClose_Animation</include>
            <visible>![Player.HasVideo + !Skin.HasSetting(ShowBackgroundVideo)]</visible>
        </control>
        <control type="image">
            <include>BackgroundDimensions</include>
            <texture>special://skin/backgrounds/media-overlay.jpg</texture>
            <visible>[Player.HasVideo + !Skin.HasSetting(ShowBackgroundVideo)] + !Window.IsVisible(TVChannels) + !Window.IsVisible(RadioChannels)</visible>
            <include>VisibleFadeEffect</include>
        </control>
        <control type="visualisation">
            <left>0</left>
            <top>0</top>
            <width>1920</width>
            <height>1080</height>
            <visible>Player.HasAudio + !Skin.HasSetting(ShowBackgroundVis)</visible>
            <visible>IsEmpty(Window(Videos).Property(PlayingBackgroundMedia))</visible>
        </control>
        <control type="videowindow">
            <depth>DepthBackground</depth>
            <left>0</left>
            <top>0</top>
            <width>1920</width>
            <height>1080</height>
            <visible>Player.HasVideo + !Skin.HasSetting(ShowBackgroundVideo) + !Window.IsVisible(TVChannels) + !Window.IsVisible(RadioChannels)</visible>
        </control>
        <control type="image">
            <left>-30</left>
            <top>-60</top>
            <width>1980</width>
            <height>180</height>
            <texture flipy="true" border="1">HomeNowPlayingBack.png</texture>
            <visible>[Player.HasVideo + !Skin.HasSetting(ShowBackgroundVideo)] | [Player.HasAudio + ![Skin.HasSetting(ShowBackgroundVis) | !IsEmpty(Window(Videos).Property(PlayingBackgroundMedia))]] | [!Skin.HasSetting(HideBackGroundFanart) + !IsEmpty(ListItem.Property(Fanart_Image))]</visible>
            <include>VisibleFadeEffect</include>
        </control>
    </include>
    <include name="ContentPanelBackgrounds">
        <control type="image">
            <include>Floor_Animation</include>
            <visible>!Skin.HasSetting(HideFloor)</visible>
            <left>-30</left>
            <top></top>
            <bottom>0</bottom>
            <width>1980</width>
            <height>150</height>
            <texture>floor.png</texture>
            <animation effect="rotatex" end="45" time="0" center="930,0" condition="true">Conditional</animation>
        </control>
        <control type="group">
            <control type="group">
                <include>Animation.Common</include>
                <visible>Control.IsVisible(50)</visible>
                <include content="NoFloorSlide">
                    <param name="contentslide">60</param>
                </include>
                <control type="image">
                    <left>75</left>
                    <top>90</top>
                    <width>1125</width>
                    <height>840</height>
                    <texture colordiffuse="$VAR[ContentPanel_Opacity]" border="22">ContentPanel.png</texture>
                </control>
                <control type="image">
                    <left>75</left>
                    <top>978</top>
                    <width>1125</width>
                    <height>96</height>
                    <texture border="22">ContentPanelMirror.png</texture>
                </control>
            </control>
            <control type="group">
                <include>Animation.Common</include>
                <visible>Control.IsVisible(512) | Control.IsVisible(550)</visible>
                <include content="NoFloorSlide">
                    <param name="contentslide">60</param>
                </include>
                <control type="image">
                    <left>75</left>
                    <top>90</top>
                    <width>938</width>
                    <height>840</height>
                    <texture colordiffuse="$VAR[ContentPanel_Opacity]" border="22">ContentPanel.png</texture>
                </control>
                <control type="image">
                    <left>75</left>
                    <top>978</top>
                    <width>960</width>
                    <height>96</height>
                    <texture border="22">ContentPanelMirror.png</texture>
                </control>
                <control type="image">
                    <left>1050</left>
                    <top>90</top>
                    <width>795</width>
                    <height>840</height>
                    <texture colordiffuse="$VAR[ContentPanel_Opacity]" border="22">ContentPanel.png</texture>
                </control>
                <control type="image">
                    <left>1050</left>
                    <top>978</top>
                    <width>795</width>
                    <height>96</height>
                    <texture border="22">ContentPanelMirror.png</texture>
                </control>
            </control>
            <control type="group">
                <include>Animation.Common</include>
                <visible>Control.IsVisible(551) | Control.IsVisible(560) | Control.IsVisible(511) | Control.IsVisible(506) | Control.IsVisible(513)</visible>
                <include content="NoFloorSlide">
                    <param name="contentslide">60</param>
                </include>
                <control type="image">
                    <left>75</left>
                    <top>90</top>
                    <width>1222</width>
                    <height>840</height>
                    <texture colordiffuse="$VAR[ContentPanel_Opacity]" border="22">ContentPanel.png</texture>
                </control>
                <control type="image">
                    <left>75</left>
                    <top>978</top>
                    <width>1260</width>
                    <height>96</height>
                    <texture border="22">ContentPanelMirror.png</texture>
                </control>
                <control type="image">
                    <left>1350</left>
                    <top>90</top>
                    <width>495</width>
                    <height>840</height>
                    <texture colordiffuse="$VAR[ContentPanel_Opacity]" border="22">ContentPanel.png</texture>
                </control>
                <control type="image">
                    <left>1350</left>
                    <top>978</top>
                    <width>495</width>
                    <height>96</height>
                    <texture border="22">ContentPanelMirror.png</texture>
                </control>
            </control>
            <control type="group">
                <include>Animation.Common</include>
                <visible>Control.IsVisible(514)</visible>
                <include content="NoFloorSlide">
                    <param name="contentslide">60</param>
                </include>
                <control type="image">
                    <left>75</left>
                    <top>30</top>
                    <width>735</width>
                    <height>900</height>
                    <texture border="22">ContentPanel.png</texture>
                </control>
                <control type="image">
                    <left>825</left>
                    <top>30</top>
                    <width>1020</width>
                    <height>900</height>
                    <texture border="22">ContentPanel.png</texture>
                </control>
            </control>
            <control type="group">
                <include>Animation.Common</include>
                <visible>Control.IsVisible(515) | Control.IsVisible(516)</visible>
                <include content="NoFloorSlide">
                    <param name="contentslide">60</param>
                </include>
                <control type="image">
                    <left>105</left>
                    <top>68</top>
                    <width>930</width>
                    <height>855</height>
                    <texture colordiffuse="$VAR[ContentPanel_Opacity]" border="22">ContentPanel.png</texture>
                </control>
                <control type="image">
                    <left>1035</left>
                    <top>68</top>
                    <width>810</width>
                    <height>855</height>
                    <texture colordiffuse="$VAR[ContentPanel_Opacity]" border="22">ContentPanel.png</texture>
                </control>
            </control>
            <control type="group">
                <include>Animation.Common</include>
                <visible>Control.IsVisible(503)</visible>
                <include content="NoFloorSlide">
                    <param name="contentslide">60</param>
                </include>
                <control type="image">
                    <left>75</left>
                    <top>270</top>
                    <width>930</width>
                    <height>645</height>
                    <texture colordiffuse="$VAR[ContentPanel_Opacity]" border="22">ContentPanel.png</texture>
                </control>
                <control type="image">
                    <left>75</left>
                    <top>978</top>
                    <width>960</width>
                    <height>96</height>
                    <texture border="22">ContentPanelMirror.png</texture>
                </control>
                <control type="image">
                    <left>1050</left>
                    <top>270</top>
                    <width>825</width>
                    <height>645</height>
                    <texture colordiffuse="$VAR[ContentPanel_Opacity]" border="22">ContentPanel.png</texture>
                </control>
                <control type="image">
                    <left>1050</left>
                    <top>978</top>
                    <width>825</width>
                    <height>96</height>
                    <texture border="22">ContentPanelMirror.png</texture>
                </control>
            </control>
            <control type="group">
                <include>Animation.Common</include>
                <visible>Control.IsVisible(51) | Control.IsVisible(500)</visible>
                <include content="NoFloorSlide">
                    <param name="contentslide">60</param>
                </include>
                <control type="image">
                    <left>112</left>
                    <top>45</top>
                    <width>1695</width>
                    <height>885</height>
                    <texture colordiffuse="$VAR[ContentPanel_Opacity]" border="22">ContentPanel.png</texture>
                </control>
                <control type="image">
                    <left>112</left>
                    <top>978</top>
                    <width>1695</width>
                    <height>96</height>
                    <texture border="22">ContentPanelMirror.png</texture>
                </control>
            </control>
            <control type="group">
                <include>Animation.Common</include>
                <visible>Control.IsVisible(726)</visible>
                <include content="NoFloorSlide">
                    <param name="contentslide">60</param>
                </include>
                <control type="image">
                    <left>188</left>
                    <top>90</top>
                    <width>1035</width>
                    <height>840</height>
                    <texture colordiffuse="$VAR[ContentPanel_Opacity]">ContentPanel.png</texture>
                </control>
                <control type="image">
                    <left>188</left>
                    <top>978</top>
                    <width>1035</width>
                    <height>96</height>
                    <texture border="22">ContentPanelMirror.png</texture>
                </control>
            </control>
            <control type="group">
                <include>Animation.Common</include>
                <visible>Control.IsVisible(720)</visible>
                <include content="NoFloorSlide">
                    <param name="contentslide">60</param>
                </include>
                <control type="image">
                    <left>292</left>
                    <top>255</top>
                    <width>795</width>
                    <height>465</height>
                    <texture colordiffuse="$VAR[ContentPanel_Opacity]">ContentPanel.png</texture>
                </control>
                <control type="image">
                    <left>292</left>
                    <top>978</top>
                    <width>795</width>
                    <height>96</height>
                    <texture border="22">ContentPanelMirror.png</texture>
                </control>
            </control>
            <control type="group">
                <include>Animation.Common</include>
                <visible>Control.IsVisible(728)</visible>
                <include content="NoFloorSlide">
                    <param name="contentslide">60</param>
                </include>
                <control type="image">
                    <left>188</left>
                    <top>232</top>
                    <width>1125</width>
                    <height>698</height>
                    <texture colordiffuse="$VAR[ContentPanel_Opacity]">ContentPanel.png</texture>
                </control>
                <control type="image">
                    <left>188</left>
                    <top>978</top>
                    <width>1125</width>
                    <height>96</height>
                    <texture border="22">ContentPanelMirror.png</texture>
                </control>
            </control>
        </control>
    </include>
</includes>
