<?xml version='1.0' encoding='UTF-8'?>
<includes>
	<include name="skinshortcuts-mainmenu">
		<item id="1">
			<property name="id">$NUMBER[1]</property>
			<label>Weather</label>
			<label2>Common menu item</label2>
			<icon>special://skin/extras/icons/weather.png</icon>
			<thumb />
			<property name="labelID">weather</property>
			<property name="defaultID">weather</property>
			<property name="SingleWidget">Enable</property>
			<property name="widget.Widgetsingle">weather</property>
			<property name="widgetName.Widgetsingle">Weather</property>
			<property name="widgetType.Widgetsingle" />
			<property name="widgetTarget.Widgetsingle" />
			<property name="widgetPath.Widgetsingle" />
			<visible>!String.IsEmpty(Weather.Plugin)</visible>
			<onclick>ActivateWindow(Weather)</onclick>
			<property name="path">ActivateWindow(Weather)</property>
			<property name="list">Weather</property>
			<visible>String.IsEqual(System.ProfileName,Master user)</visible>
			<property name="submenuVisibility">weather</property>
			<property name="group">mainmenu</property>
			<property name="hasSubmenu">False</property>
		</item>
		<item id="2">
			<property name="id">$NUMBER[2]</property>
			<label>Videos</label>
			<label2>Common menu item</label2>
			<icon>DefaultVideo.png</icon>
			<thumb />
			<property name="labelID">videos</property>
			<property name="defaultID">videos</property>
			<property name="SingleWidget">Enable</property>
			<property name="widget.Widgetsingle">Library</property>
			<property name="widgetName.Widgetsingle">Video add-ons</property>
			<property name="widgetType.Widgetsingle">video</property>
			<property name="widgetTarget.Widgetsingle">videos</property>
			<property name="widgetPath.Widgetsingle">addons://sources/video/</property>
			<onclick>ActivateWindow(Videos)</onclick>
			<property name="path">ActivateWindow(Videos)</property>
			<property name="list">Videos</property>
			<visible>String.IsEqual(System.ProfileName,Master user)</visible>
			<property name="submenuVisibility">videos</property>
			<property name="group">mainmenu</property>
			<property name="hasSubmenu">True</property>
		</item>
		<item id="3">
			<property name="id">$NUMBER[3]</property>
			<label>Movies</label>
			<label2>Common menu item</label2>
			<icon>DefaultMovies.png</icon>
			<thumb />
			<property name="labelID">movies</property>
			<property name="defaultID">movies</property>
			<property name="WideWidget">Disable</property>
			<property name="WideWidget2">Enable</property>
			<visible>Library.HasContent(Movies)</visible>
			<onclick>ActivateWindow(Videos,videodb://movies/titles/,return)</onclick>
			<property name="path">ActivateWindow(Videos,videodb://movies/titles/,return)</property>
			<property name="list">videodb://movies/titles/</property>
			<visible>String.IsEqual(System.ProfileName,Master user)</visible>
			<property name="submenuVisibility">movies</property>
			<property name="group">mainmenu</property>
			<property name="hasSubmenu">True</property>
		</item>
		<item id="4">
			<property name="id">$NUMBER[4]</property>
			<label>TV Shows</label>
			<label2>Common menu item</label2>
			<icon>DefaultTVShows.png</icon>
			<thumb />
			<property name="labelID">tvshows</property>
			<property name="defaultID">tvshows</property>
			<property name="WideWidget">Enable</property>
			<property name="translatedPath">ActivateWindow(Videos,videodb://tvshows/titles/,return)</property>
			<visible>Library.HasContent(TVShows)</visible>
			<onclick>ActivateWindow(Videos,videodb://tvshows/titles/,return)</onclick>
			<property name="path">ActivateWindow(Videos,videodb://tvshows/titles/,return)</property>
			<property name="list">videodb://tvshows/titles/</property>
			<visible>String.IsEqual(System.ProfileName,Master user)</visible>
			<property name="submenuVisibility">tvshows</property>
			<property name="group">mainmenu</property>
			<property name="hasSubmenu">True</property>
		</item>
		<item id="5">
			<property name="id">$NUMBER[5]</property>
			<label>Music</label>
			<label2>Common menu item</label2>
			<icon>DefaultMusicAlbums.png</icon>
			<thumb />
			<property name="labelID">music</property>
			<property name="defaultID">music</property>
			<onclick>ActivateWindow(Music)</onclick>
			<property name="path">ActivateWindow(Music)</property>
			<property name="list">Music</property>
			<visible>String.IsEqual(System.ProfileName,Master user)</visible>
			<property name="submenuVisibility">music</property>
			<property name="group">mainmenu</property>
			<property name="hasSubmenu">False</property>
		</item>
		<item id="6">
			<property name="id">$NUMBER[6]</property>
			<label>$LOCALIZE[24001]</label>
			<label2>Common menu item</label2>
			<icon>special://skin/extras/icons/addon.png</icon>
			<thumb>DefaultAddon.png</thumb>
			<property name="labelID">24001</property>
			<property name="defaultID">Add-ons</property>
			<property name="widget">systeminfo</property>
			<property name="widgetName">System Info</property>
			<property name="widgetType" />
			<property name="widgetTarget" />
			<property name="widgetPath" />
			<onclick>ActivateWindow(1110)</onclick>
			<property name="path">ActivateWindow(1110)</property>
			<property name="list">1110</property>
			<visible>String.IsEqual(System.ProfileName,Master user)</visible>
			<property name="submenuVisibility">num-24001</property>
			<property name="group">mainmenu</property>
			<property name="hasSubmenu">False</property>
		</item>
		<item id="7">
			<property name="id">$NUMBER[7]</property>
			<label>Settings</label>
			<label2>Common menu item</label2>
			<icon>special://skin/extras/icons/settings.png</icon>
			<thumb />
			<property name="labelID">settings</property>
			<property name="defaultID">settings</property>
			<property name="SingleWidget">Enable</property>
			<property name="widget.Widgetsingle">settings</property>
			<property name="widgetName.Widgetsingle">Settings</property>
			<property name="widgetType.Widgetsingle" />
			<property name="widgetTarget.Widgetsingle" />
			<property name="widgetPath.Widgetsingle" />
			<onclick>ActivateWindow(Settings)</onclick>
			<property name="path">ActivateWindow(Settings)</property>
			<property name="list">Settings</property>
			<visible>String.IsEqual(System.ProfileName,Master user)</visible>
			<property name="submenuVisibility">settings</property>
			<property name="group">mainmenu</property>
			<property name="hasSubmenu">False</property>
		</item>
	</include>
	<include />
	<include name="skinshortcuts-submenu">
		<item id="1">
			<property name="id">$NUMBER[1]</property>
			<property name="mainmenuid">2</property>
			<label>$LOCALIZE[744]</label>
			<label2>Videos</label2>
			<icon>DefaultFolder.png</icon>
			<thumb />
			<property name="labelID">744</property>
			<property name="defaultID">744</property>
			<onclick>ActivateWindow(Videos,Files,return)</onclick>
			<property name="path">ActivateWindow(Videos,Files,return)</property>
			<property name="list">Files</property>
			<visible>[String.IsEqual(System.ProfileName,Master user)] + String.IsEqual(Container(9000).ListItem.Property(submenuVisibility),videos)</visible>
			<property name="group">videos</property>
			<property name="isSubmenu">True</property>
		</item>
		<item id="2">
			<property name="id">$NUMBER[2]</property>
			<property name="mainmenuid">2</property>
			<label>Add-ons</label>
			<label2>Videos</label2>
			<icon>special://skin/extras/icons/addon.png</icon>
			<thumb />
			<property name="labelID">add-ons</property>
			<property name="defaultID">1037</property>
			<onclick>ActivateWindow(Videos,Addons,return)</onclick>
			<property name="path">ActivateWindow(Videos,Addons,return)</property>
			<property name="list">Addons</property>
			<visible>[String.IsEqual(System.ProfileName,Master user)] + String.IsEqual(Container(9000).ListItem.Property(submenuVisibility),videos)</visible>
			<property name="group">videos</property>
			<property name="isSubmenu">True</property>
		</item>
		<item id="1">
			<property name="id">$NUMBER[1]</property>
			<property name="mainmenuid">3</property>
			<label>Recently Added</label>
			<label2>Videos</label2>
			<icon>DefaultRecentlyAddedMovies.png</icon>
			<thumb />
			<property name="labelID">recentlyadded</property>
			<property name="defaultID">20386</property>
			<onclick>ActivateWindow(Videos,videodb://recentlyaddedmovies/,return)</onclick>
			<property name="path">ActivateWindow(Videos,videodb://recentlyaddedmovies/,return)</property>
			<property name="list">videodb://recentlyaddedmovies/</property>
			<visible>[String.IsEqual(System.ProfileName,Master user)] + String.IsEqual(Container(9000).ListItem.Property(submenuVisibility),movies)</visible>
			<property name="group">movies</property>
			<property name="isSubmenu">True</property>
		</item>
		<item id="2">
			<property name="id">$NUMBER[2]</property>
			<property name="mainmenuid">3</property>
			<label>$LOCALIZE[20434]</label>
			<label2>Movies</label2>
			<icon>special://skin/extras/icons/set.png</icon>
			<thumb />
			<property name="labelID">20434</property>
			<property name="defaultID">20434</property>
			<visible>[Library.HasContent(MovieSets)] + String.IsEqual(Container(9000).ListItem.Property(submenuVisibility),movies)</visible>
			<onclick>ActivateWindow(Videos,videodb://movies/sets/,return)</onclick>
			<property name="path">ActivateWindow(Videos,videodb://movies/sets/,return)</property>
			<property name="list">videodb://movies/sets/</property>
			<visible>String.IsEqual(System.ProfileName,Master user)</visible>
			<property name="group">movies</property>
			<property name="isSubmenu">True</property>
		</item>
		<item id="3">
			<property name="id">$NUMBER[3]</property>
			<property name="mainmenuid">3</property>
			<label>$LOCALIZE[135]</label>
			<label2>Movies</label2>
			<icon>DefaultShortcut.png</icon>
			<thumb />
			<property name="labelID">135</property>
			<property name="defaultID">135</property>
			<visible>[Library.HasContent(Movies)] + String.IsEqual(Container(9000).ListItem.Property(submenuVisibility),movies)</visible>
			<onclick>ActivateWindow(Videos,videodb://movies/genres/,return)</onclick>
			<property name="path">ActivateWindow(Videos,videodb://movies/genres/,return)</property>
			<property name="list">videodb://movies/genres/</property>
			<visible>String.IsEqual(System.ProfileName,Master user)</visible>
			<property name="group">movies</property>
			<property name="isSubmenu">True</property>
		</item>
		<item id="4">
			<property name="id">$NUMBER[4]</property>
			<property name="mainmenuid">3</property>
			<label>$LOCALIZE[562]</label>
			<label2>Movies</label2>
			<icon>DefaultShortcut.png</icon>
			<thumb />
			<property name="labelID">562</property>
			<property name="defaultID">562</property>
			<visible>[Library.HasContent(Movies)] + String.IsEqual(Container(9000).ListItem.Property(submenuVisibility),movies)</visible>
			<onclick>ActivateWindow(Videos,videodb://movies/years/,return)</onclick>
			<property name="path">ActivateWindow(Videos,videodb://movies/years/,return)</property>
			<property name="list">videodb://movies/years/</property>
			<visible>String.IsEqual(System.ProfileName,Master user)</visible>
			<property name="group">movies</property>
			<property name="isSubmenu">True</property>
		</item>
		<item id="1">
			<property name="id">$NUMBER[1]</property>
			<property name="mainmenuid">4</property>
			<label>Recently Added</label>
			<label2>Videos</label2>
			<icon>DefaultRecentlyAddedEpisodes.png</icon>
			<thumb />
			<property name="labelID">recentlyadded</property>
			<property name="defaultID">20387</property>
			<onclick>ActivateWindow(Videos,videodb://recentlyaddedepisodes/,return)</onclick>
			<property name="path">ActivateWindow(Videos,videodb://recentlyaddedepisodes/,return)</property>
			<property name="list">videodb://recentlyaddedepisodes/</property>
			<visible>[String.IsEqual(System.ProfileName,Master user)] + String.IsEqual(Container(9000).ListItem.Property(submenuVisibility),tvshows)</visible>
			<property name="group">tvshows</property>
			<property name="isSubmenu">True</property>
		</item>
		<item id="2">
			<property name="id">$NUMBER[2]</property>
			<property name="mainmenuid">4</property>
			<label>$LOCALIZE[135]</label>
			<label2>TV shows</label2>
			<icon>DefaultShortcut.png</icon>
			<thumb />
			<property name="labelID">135</property>
			<property name="defaultID">135</property>
			<visible>[Library.HasContent(TVShows)] + String.IsEqual(Container(9000).ListItem.Property(submenuVisibility),tvshows)</visible>
			<onclick>ActivateWindow(Videos,videodb://tvshows/genres/,return)</onclick>
			<property name="path">ActivateWindow(Videos,videodb://tvshows/genres/,return)</property>
			<property name="list">videodb://tvshows/genres/</property>
			<visible>String.IsEqual(System.ProfileName,Master user)</visible>
			<property name="group">tvshows</property>
			<property name="isSubmenu">True</property>
		</item>
		<item id="3">
			<property name="id">$NUMBER[3]</property>
			<property name="mainmenuid">4</property>
			<label>$LOCALIZE[562]</label>
			<label2>TV shows</label2>
			<icon>DefaultShortcut.png</icon>
			<thumb />
			<property name="labelID">562</property>
			<property name="defaultID">562</property>
			<visible>[Library.HasContent(TVShows)] + String.IsEqual(Container(9000).ListItem.Property(submenuVisibility),tvshows)</visible>
			<onclick>ActivateWindow(Videos,videodb://tvshows/years/,return)</onclick>
			<property name="path">ActivateWindow(Videos,videodb://tvshows/years/,return)</property>
			<property name="list">videodb://tvshows/years/</property>
			<visible>String.IsEqual(System.ProfileName,Master user)</visible>
			<property name="group">tvshows</property>
			<property name="isSubmenu">True</property>
		</item>
	</include>
	<include name="skinshortcuts-group-weather">
		<description>No items</description>
	</include>
	<include name="skinshortcuts-group-alt-weather">
		<description>No items</description>
	</include>
	<include name="skinshortcuts-group-videos">
		<item id="1">
			<property name="id">$NUMBER[1]</property>
			<property name="mainmenuid">2</property>
			<label>$LOCALIZE[744]</label>
			<label2>Videos</label2>
			<icon>DefaultFolder.png</icon>
			<thumb />
			<property name="labelID">744</property>
			<property name="defaultID">744</property>
			<onclick>ActivateWindow(Videos,Files,return)</onclick>
			<property name="path">ActivateWindow(Videos,Files,return)</property>
			<property name="list">Files</property>
			<visible>String.IsEqual(System.ProfileName,Master user)</visible>
			<property name="group">videos</property>
			<property name="isSubmenu">True</property>
		</item>
		<item id="2">
			<property name="id">$NUMBER[2]</property>
			<property name="mainmenuid">2</property>
			<label>Add-ons</label>
			<label2>Videos</label2>
			<icon>special://skin/extras/icons/addon.png</icon>
			<thumb />
			<property name="labelID">add-ons</property>
			<property name="defaultID">1037</property>
			<onclick>ActivateWindow(Videos,Addons,return)</onclick>
			<property name="path">ActivateWindow(Videos,Addons,return)</property>
			<property name="list">Addons</property>
			<visible>String.IsEqual(System.ProfileName,Master user)</visible>
			<property name="group">videos</property>
			<property name="isSubmenu">True</property>
		</item>
	</include>
	<include name="skinshortcuts-group-alt-videos">
		<item id="1">
			<property name="id">$NUMBER[1]</property>
			<property name="mainmenuid">2</property>
			<label>$LOCALIZE[744]</label>
			<label2>Videos</label2>
			<icon>DefaultFolder.png</icon>
			<thumb />
			<property name="labelID">744</property>
			<property name="defaultID">744</property>
			<onclick>ActivateWindow(Videos,Files,return)</onclick>
			<property name="path">ActivateWindow(Videos,Files,return)</property>
			<property name="list">Files</property>
			<visible>[String.IsEqual(System.ProfileName,Master user)] + String.IsEqual(Window(10000).Property(submenuVisibility),videos)</visible>
			<property name="group">videos</property>
			<property name="isSubmenu">True</property>
		</item>
		<item id="2">
			<property name="id">$NUMBER[2]</property>
			<property name="mainmenuid">2</property>
			<label>Add-ons</label>
			<label2>Videos</label2>
			<icon>special://skin/extras/icons/addon.png</icon>
			<thumb />
			<property name="labelID">add-ons</property>
			<property name="defaultID">1037</property>
			<onclick>ActivateWindow(Videos,Addons,return)</onclick>
			<property name="path">ActivateWindow(Videos,Addons,return)</property>
			<property name="list">Addons</property>
			<visible>[String.IsEqual(System.ProfileName,Master user)] + String.IsEqual(Window(10000).Property(submenuVisibility),videos)</visible>
			<property name="group">videos</property>
			<property name="isSubmenu">True</property>
		</item>
	</include>
	<include name="skinshortcuts-group-movies">
		<item id="1">
			<property name="id">$NUMBER[1]</property>
			<property name="mainmenuid">3</property>
			<label>Recently Added</label>
			<label2>Videos</label2>
			<icon>DefaultRecentlyAddedMovies.png</icon>
			<thumb />
			<property name="labelID">recentlyadded</property>
			<property name="defaultID">20386</property>
			<onclick>ActivateWindow(Videos,videodb://recentlyaddedmovies/,return)</onclick>
			<property name="path">ActivateWindow(Videos,videodb://recentlyaddedmovies/,return)</property>
			<property name="list">videodb://recentlyaddedmovies/</property>
			<visible>String.IsEqual(System.ProfileName,Master user)</visible>
			<property name="group">movies</property>
			<property name="isSubmenu">True</property>
		</item>
		<item id="2">
			<property name="id">$NUMBER[2]</property>
			<property name="mainmenuid">3</property>
			<label>$LOCALIZE[20434]</label>
			<label2>Movies</label2>
			<icon>special://skin/extras/icons/set.png</icon>
			<thumb />
			<property name="labelID">20434</property>
			<property name="defaultID">20434</property>
			<visible>Library.HasContent(MovieSets)</visible>
			<onclick>ActivateWindow(Videos,videodb://movies/sets/,return)</onclick>
			<property name="path">ActivateWindow(Videos,videodb://movies/sets/,return)</property>
			<property name="list">videodb://movies/sets/</property>
			<visible>String.IsEqual(System.ProfileName,Master user)</visible>
			<property name="group">movies</property>
			<property name="isSubmenu">True</property>
		</item>
		<item id="3">
			<property name="id">$NUMBER[3]</property>
			<property name="mainmenuid">3</property>
			<label>$LOCALIZE[135]</label>
			<label2>Movies</label2>
			<icon>DefaultShortcut.png</icon>
			<thumb />
			<property name="labelID">135</property>
			<property name="defaultID">135</property>
			<visible>Library.HasContent(Movies)</visible>
			<onclick>ActivateWindow(Videos,videodb://movies/genres/,return)</onclick>
			<property name="path">ActivateWindow(Videos,videodb://movies/genres/,return)</property>
			<property name="list">videodb://movies/genres/</property>
			<visible>String.IsEqual(System.ProfileName,Master user)</visible>
			<property name="group">movies</property>
			<property name="isSubmenu">True</property>
		</item>
		<item id="4">
			<property name="id">$NUMBER[4]</property>
			<property name="mainmenuid">3</property>
			<label>$LOCALIZE[562]</label>
			<label2>Movies</label2>
			<icon>DefaultShortcut.png</icon>
			<thumb />
			<property name="labelID">562</property>
			<property name="defaultID">562</property>
			<visible>Library.HasContent(Movies)</visible>
			<onclick>ActivateWindow(Videos,videodb://movies/years/,return)</onclick>
			<property name="path">ActivateWindow(Videos,videodb://movies/years/,return)</property>
			<property name="list">videodb://movies/years/</property>
			<visible>String.IsEqual(System.ProfileName,Master user)</visible>
			<property name="group">movies</property>
			<property name="isSubmenu">True</property>
		</item>
	</include>
	<include name="skinshortcuts-group-alt-movies">
		<item id="1">
			<property name="id">$NUMBER[1]</property>
			<property name="mainmenuid">3</property>
			<label>Recently Added</label>
			<label2>Videos</label2>
			<icon>DefaultRecentlyAddedMovies.png</icon>
			<thumb />
			<property name="labelID">recentlyadded</property>
			<property name="defaultID">20386</property>
			<onclick>ActivateWindow(Videos,videodb://recentlyaddedmovies/,return)</onclick>
			<property name="path">ActivateWindow(Videos,videodb://recentlyaddedmovies/,return)</property>
			<property name="list">videodb://recentlyaddedmovies/</property>
			<visible>[String.IsEqual(System.ProfileName,Master user)] + String.IsEqual(Window(10000).Property(submenuVisibility),movies)</visible>
			<property name="group">movies</property>
			<property name="isSubmenu">True</property>
		</item>
		<item id="2">
			<property name="id">$NUMBER[2]</property>
			<property name="mainmenuid">3</property>
			<label>$LOCALIZE[20434]</label>
			<label2>Movies</label2>
			<icon>special://skin/extras/icons/set.png</icon>
			<thumb />
			<property name="labelID">20434</property>
			<property name="defaultID">20434</property>
			<visible>[Library.HasContent(MovieSets)] + String.IsEqual(Window(10000).Property(submenuVisibility),movies)</visible>
			<onclick>ActivateWindow(Videos,videodb://movies/sets/,return)</onclick>
			<property name="path">ActivateWindow(Videos,videodb://movies/sets/,return)</property>
			<property name="list">videodb://movies/sets/</property>
			<visible>String.IsEqual(System.ProfileName,Master user)</visible>
			<property name="group">movies</property>
			<property name="isSubmenu">True</property>
		</item>
		<item id="3">
			<property name="id">$NUMBER[3]</property>
			<property name="mainmenuid">3</property>
			<label>$LOCALIZE[135]</label>
			<label2>Movies</label2>
			<icon>DefaultShortcut.png</icon>
			<thumb />
			<property name="labelID">135</property>
			<property name="defaultID">135</property>
			<visible>[Library.HasContent(Movies)] + String.IsEqual(Window(10000).Property(submenuVisibility),movies)</visible>
			<onclick>ActivateWindow(Videos,videodb://movies/genres/,return)</onclick>
			<property name="path">ActivateWindow(Videos,videodb://movies/genres/,return)</property>
			<property name="list">videodb://movies/genres/</property>
			<visible>String.IsEqual(System.ProfileName,Master user)</visible>
			<property name="group">movies</property>
			<property name="isSubmenu">True</property>
		</item>
		<item id="4">
			<property name="id">$NUMBER[4]</property>
			<property name="mainmenuid">3</property>
			<label>$LOCALIZE[562]</label>
			<label2>Movies</label2>
			<icon>DefaultShortcut.png</icon>
			<thumb />
			<property name="labelID">562</property>
			<property name="defaultID">562</property>
			<visible>[Library.HasContent(Movies)] + String.IsEqual(Window(10000).Property(submenuVisibility),movies)</visible>
			<onclick>ActivateWindow(Videos,videodb://movies/years/,return)</onclick>
			<property name="path">ActivateWindow(Videos,videodb://movies/years/,return)</property>
			<property name="list">videodb://movies/years/</property>
			<visible>String.IsEqual(System.ProfileName,Master user)</visible>
			<property name="group">movies</property>
			<property name="isSubmenu">True</property>
		</item>
	</include>
	<include name="skinshortcuts-group-tvshows">
		<item id="1">
			<property name="id">$NUMBER[1]</property>
			<property name="mainmenuid">4</property>
			<label>Recently Added</label>
			<label2>Videos</label2>
			<icon>DefaultRecentlyAddedEpisodes.png</icon>
			<thumb />
			<property name="labelID">recentlyadded</property>
			<property name="defaultID">20387</property>
			<onclick>ActivateWindow(Videos,videodb://recentlyaddedepisodes/,return)</onclick>
			<property name="path">ActivateWindow(Videos,videodb://recentlyaddedepisodes/,return)</property>
			<property name="list">videodb://recentlyaddedepisodes/</property>
			<visible>String.IsEqual(System.ProfileName,Master user)</visible>
			<property name="group">tvshows</property>
			<property name="isSubmenu">True</property>
		</item>
		<item id="2">
			<property name="id">$NUMBER[2]</property>
			<property name="mainmenuid">4</property>
			<label>$LOCALIZE[135]</label>
			<label2>TV shows</label2>
			<icon>DefaultShortcut.png</icon>
			<thumb />
			<property name="labelID">135</property>
			<property name="defaultID">135</property>
			<visible>Library.HasContent(TVShows)</visible>
			<onclick>ActivateWindow(Videos,videodb://tvshows/genres/,return)</onclick>
			<property name="path">ActivateWindow(Videos,videodb://tvshows/genres/,return)</property>
			<property name="list">videodb://tvshows/genres/</property>
			<visible>String.IsEqual(System.ProfileName,Master user)</visible>
			<property name="group">tvshows</property>
			<property name="isSubmenu">True</property>
		</item>
		<item id="3">
			<property name="id">$NUMBER[3]</property>
			<property name="mainmenuid">4</property>
			<label>$LOCALIZE[562]</label>
			<label2>TV shows</label2>
			<icon>DefaultShortcut.png</icon>
			<thumb />
			<property name="labelID">562</property>
			<property name="defaultID">562</property>
			<visible>Library.HasContent(TVShows)</visible>
			<onclick>ActivateWindow(Videos,videodb://tvshows/years/,return)</onclick>
			<property name="path">ActivateWindow(Videos,videodb://tvshows/years/,return)</property>
			<property name="list">videodb://tvshows/years/</property>
			<visible>String.IsEqual(System.ProfileName,Master user)</visible>
			<property name="group">tvshows</property>
			<property name="isSubmenu">True</property>
		</item>
	</include>
	<include name="skinshortcuts-group-alt-tvshows">
		<item id="1">
			<property name="id">$NUMBER[1]</property>
			<property name="mainmenuid">4</property>
			<label>Recently Added</label>
			<label2>Videos</label2>
			<icon>DefaultRecentlyAddedEpisodes.png</icon>
			<thumb />
			<property name="labelID">recentlyadded</property>
			<property name="defaultID">20387</property>
			<onclick>ActivateWindow(Videos,videodb://recentlyaddedepisodes/,return)</onclick>
			<property name="path">ActivateWindow(Videos,videodb://recentlyaddedepisodes/,return)</property>
			<property name="list">videodb://recentlyaddedepisodes/</property>
			<visible>[String.IsEqual(System.ProfileName,Master user)] + String.IsEqual(Window(10000).Property(submenuVisibility),tvshows)</visible>
			<property name="group">tvshows</property>
			<property name="isSubmenu">True</property>
		</item>
		<item id="2">
			<property name="id">$NUMBER[2]</property>
			<property name="mainmenuid">4</property>
			<label>$LOCALIZE[135]</label>
			<label2>TV shows</label2>
			<icon>DefaultShortcut.png</icon>
			<thumb />
			<property name="labelID">135</property>
			<property name="defaultID">135</property>
			<visible>[Library.HasContent(TVShows)] + String.IsEqual(Window(10000).Property(submenuVisibility),tvshows)</visible>
			<onclick>ActivateWindow(Videos,videodb://tvshows/genres/,return)</onclick>
			<property name="path">ActivateWindow(Videos,videodb://tvshows/genres/,return)</property>
			<property name="list">videodb://tvshows/genres/</property>
			<visible>String.IsEqual(System.ProfileName,Master user)</visible>
			<property name="group">tvshows</property>
			<property name="isSubmenu">True</property>
		</item>
		<item id="3">
			<property name="id">$NUMBER[3]</property>
			<property name="mainmenuid">4</property>
			<label>$LOCALIZE[562]</label>
			<label2>TV shows</label2>
			<icon>DefaultShortcut.png</icon>
			<thumb />
			<property name="labelID">562</property>
			<property name="defaultID">562</property>
			<visible>[Library.HasContent(TVShows)] + String.IsEqual(Window(10000).Property(submenuVisibility),tvshows)</visible>
			<onclick>ActivateWindow(Videos,videodb://tvshows/years/,return)</onclick>
			<property name="path">ActivateWindow(Videos,videodb://tvshows/years/,return)</property>
			<property name="list">videodb://tvshows/years/</property>
			<visible>String.IsEqual(System.ProfileName,Master user)</visible>
			<property name="group">tvshows</property>
			<property name="isSubmenu">True</property>
		</item>
	</include>
	<include name="skinshortcuts-group-music">
		<description>No items</description>
	</include>
	<include name="skinshortcuts-group-alt-music">
		<description>No items</description>
	</include>
	<include name="skinshortcuts-group-num-24001">
		<description>No items</description>
	</include>
	<include name="skinshortcuts-group-alt-num-24001">
		<description>No items</description>
	</include>
	<include name="skinshortcuts-group-settings">
		<description>No items</description>
	</include>
	<include name="skinshortcuts-group-alt-settings">
		<description>No items</description>
	</include>
	<include name="skinshortcuts-group-specialitemswidget">
		<description>No items</description>
	</include>
	<include name="skinshortcuts-group-alt-specialitemswidget">
		<description>No items</description>
	</include>
	<include name="skinshortcuts-template-widgetsingle">
		<include condition="String.IsEqual(System.ProfileName,Master user)">skinshortcuts-template-widgetsingle-Master user</include>
	</include>
	<include name="skinshortcuts-template-widgetsingle-Master user">
		<control type="group">
			<visible>String.IsEqual(Container(9000).ListItem.Property(submenuVisibility),weather)</visible>
			<animation condition="Control.HasFocus(9901) | Control.HasFocus(9902) | Control.HasFocus(9903) | Control.HasFocus(9904)" effect="fade" end="20" start="100" time="300">conditional</animation>
			<animation condition="Control.HasFocus(80011) | Control.HasFocus(80021) | Control.HasFocus(80031) | Control.HasFocus(80041) | Control.HasFocus(80051) | Control.HasFocus(80061)" effect="slide" end="-360,0" reversible="true" start="0,0" time="300">conditional</animation>
			<control type="grouplist">
				<left>503</left>
				<top>185</top>
				<width>1905</width>
				<orientation>horizontal</orientation>
				<control type="label">
					<description>Title label</description>
					<height>30</height>
					<width>auto</width>
					<label>[B]$VAR[WidgetTitleVarSingle]  [/B]</label>
					<align>left</align>
					<aligny>center</aligny>
					<font>font14</font>
					<textcolor>grey</textcolor>
					<shadowcolor>black</shadowcolor>
					<visible>!Container(80011).IsUpdating</visible>
				</control>
				<control type="group">
					<include content="mediawidgetLabelsInfo">
						<param name="id">80011</param>
						<param name="widgetLine1">widgetLine011</param>
						<param name="widgetLine2">widgetLine021</param>
						<param name="widgetLine3">widgetLine031</param>
					</include>
					<include content="mediawidgetLabelsInfo">
						<param name="id">80021</param>
						<param name="widgetLine1">widgetLine011</param>
					</include>
					<include content="mediawidgetLabelsInfo">
						<param name="id">80031</param>
						<param name="widgetLine1">widgetLine011</param>
					</include>
					<include content="mediawidgetLabelsInfo">
						<param name="id">80041</param>
						<param name="widgetLine1">widgetLine011</param>
					</include>
					<include content="mediawidgetLabelsInfo">
						<param name="id">80051</param>
						<param name="widgetLine1">widgetLine011</param>
					</include>
					<include content="mediawidgetLabelsInfo">
						<param name="id">80061</param>
						<param name="widgetLine1">widgetLine011</param>
					</include>
				</control>
			</control>
			<control type="group">
				<left>503</left>
				<top>225</top>
				<visible>String.IsEqual(Container(9000).ListItem.Property(submenuVisibility),weather)</visible>
				<control id="80011" type="panel">
					<visible>String.IsEqual(Container(9000).ListItem.Property(submenuVisibility),weather)</visible>
					<include content="MediaWidgetContent">
						<param name="id">80011</param>
						<param name="aspect">Container(9000).ListItem.Property(WideWidgetSingle)</param>
						<param name="left">0</param>
						<param name="top">0</param>
						<param name="width">1620</param>
						<param name="height">660</param>
						<param name="onup">80011</param>
						<param name="ondown">80011</param>
						<param name="onleft">9000</param>
						<param name="onright">80011</param>
						<param name="orientation">Vertical</param>
					</include>
					<content limit="$INFO[Skin.String(WidgetLimit)]" target="" />
				</control>
				<control id="80021" type="panel">
					<visible>String.IsEqual(Container(9000).ListItem.Property(submenuVisibility),weather)</visible>
					<visible>String.IsEqual(Container(9000).ListItem.Property(widget.widgetsingle),weather)</visible>
					<include content="WeatherWidgetContent">
						<param name="id">80021</param>
						<param name="left">0</param>
						<param name="top">330</param>
						<param name="width">1620</param>
						<param name="height">330</param>
						<param name="onup">80021</param>
						<param name="ondown">80021</param>
						<param name="onleft">9000</param>
						<param name="onright">80021</param>
						<param name="orientation">Horizontal</param>
					</include>
				</control>
				<control type="group">
					<top>0</top>
					<control type="image">
						<description>background</description>
						<visible>Control.IsVisible(80021)</visible>
						<left>0</left>
						<top>0</top>
						<width>1620</width>
						<height>330</height>
						<texture border="15">RecentAddedBack.png</texture>
					</control>
					<control type="group">
						<visible>Control.IsVisible(80021)</visible>
						<top>0</top>
						<left>0</left>
						<width>1200</width>
						<height>300</height>
						<top>300</top>
						<control type="label">
							<animation condition="Control.HasFocus(80021)" effect="slide" end="220,0" reversible="true" start="0,0" time="300">conditional</animation>
							<left>450</left>
							<top>240</top>
							<height>75</height>
							<orientation>horizontal</orientation>
							<width>auto</width>
							<font>font13</font>
							<label>$INFO[Window(weather).Property(Location)]</label>
						</control>
						<control type="image">
							<animation condition="Control.HasFocus(80021)" effect="slide" end="65,0" reversible="true" start="0,0" time="300">conditional</animation>
							<left>0</left>
							<top>0</top>
							<height>300</height>
							<aspectratio align="left" aligny="center" scalediffuse="false">keep</aspectratio>
							<texture background="true">$VAR[WeatherIconVar]$INFO[Window(weather).Property(Current.FanartCode),,.png]</texture>
						</control>
						<control type="grouplist">
							<top>23</top>
							<left>450</left>
							<orientation>horizontal</orientation>
							<animation condition="Control.HasFocus(80021)" effect="slide" end="220,0" reversible="true" start="0,0" time="300">conditional</animation>
							<control type="label">
								<description>current temp Value</description>
								<width>auto</width>
								<height>375</height>
								<font>WeatherTemp</font>
								<label>$INFO[Window(weather).Property(Current.Temperature)]</label>
							</control>
							<control type="label">
								<description>current temp Value Units</description>
								<left>405</left>
								<width>auto</width>
								<height>324</height>
								<font>font16</font>
								<label>$INFO[System.TemperatureUnits]</label>
							</control>
						</control>
						<control type="label">
							<animation condition="Control.HasFocus(80021)" effect="slide" end="220,0" reversible="true" start="0,0" time="300">conditional</animation>
							<description>current condition label</description>
							<top>180</top>
							<left>450</left>
							<width>657</width>
							<height>60</height>
							<align>left</align>
							<label>$INFO[Window(weather).Property(Current.Condition)]</label>
							<font>font30</font>
						</control>
						<control type="grouplist">
							<animation condition="Control.HasFocus(80021)" effect="slide" end="270,0" reversible="true" start="0,0" time="300">conditional</animation>
							<left>645</left>
							<top>38</top>
							<width>657</width>
							<itemgap>15</itemgap>
							<control type="label">
								<label>[COLOR grey2]$LOCALIZE[406]: [/COLOR]$INFO[Window(weather).Property(Current.Humidity)]</label>
								<width>657</width>
								<height>45</height>
								<align>right</align>
								<font>font14</font>
							</control>
							<control type="label">
								<label>[COLOR grey2]$LOCALIZE[404]:[/COLOR] $INFO[Window(weather).Property(Current.Wind)]</label>
								<width>657</width>
								<height>45</height>
								<align>right</align>
								<font>font14</font>
							</control>
							<control type="label">
								<label>[COLOR grey2]$LOCALIZE[33027]:[/COLOR] [LOWERCASE]$INFO[Window(weather).Property(Today.Sunrise)][/LOWERCASE]</label>
								<width>657</width>
								<height>45</height>
								<align>right</align>
								<font>font14</font>
							</control>
							<control type="label">
								<label>[COLOR grey2]$LOCALIZE[33028]:[/COLOR] [LOWERCASE]$INFO[Window(weather).Property(Today.Sunset)][/LOWERCASE]</label>
								<width>657</width>
								<height>45</height>
								<align>right</align>
								<font>font14</font>
							</control>
						</control>
					</control>
				</control>
				<control id="80031" type="panel">
					<visible>String.IsEqual(Container(9000).ListItem.Property(submenuVisibility),weather)</visible>
					<visible>String.IsEqual(Container(9000).ListItem.Property(widget.widgetsingle),settings)</visible>
					<include content="SettingsWidgetContent">
						<param name="id">80031</param>
						<param name="left">0</param>
						<param name="top">0</param>
						<param name="width">1620</param>
						<param name="height">660</param>
						<param name="onup">80031</param>
						<param name="ondown">80031</param>
						<param name="onleft">9000</param>
						<param name="onright">80031</param>
						<param name="orientation">Vertical</param>
					</include>
				</control>
				<control id="80041" type="panel">
					<visible>String.IsEqual(Container(9000).ListItem.Property(submenuVisibility),weather)</visible>
					<visible>String.IsEqual(Container(9000).ListItem.Property(widget.widgetsingle),addons)</visible>
					<include content="AddonsWidgetContent">
						<param name="id">80041</param>
						<param name="left">0</param>
						<param name="top">0</param>
						<param name="width">1620</param>
						<param name="height">660</param>
						<param name="onup">80041</param>
						<param name="ondown">80041</param>
						<param name="onleft">9000</param>
						<param name="onright">80041</param>
						<param name="orientation">Vertical</param>
					</include>
				</control>
				<control id="80051" type="panel">
					<visible>String.IsEqual(Container(9000).ListItem.Property(submenuVisibility),weather)</visible>
					<visible>String.IsEqual(Container(9000).ListItem.Property(widget.widgetsingle),specialitems)</visible>
					<include content="SpecialItemsWidgetContent">
						<param name="id">80051</param>
						<param name="left">0</param>
						<param name="top">0</param>
						<param name="width">1620</param>
						<param name="height">660</param>
						<param name="onup">80051</param>
						<param name="ondown">80051</param>
						<param name="onleft">9000</param>
						<param name="onright">80051</param>
						<param name="orientation">Vertical</param>
					</include>
				</control>
				<control id="80061" type="panel">
					<visible>String.IsEqual(Container(9000).ListItem.Property(submenuVisibility),weather)</visible>
					<visible>String.IsEqual(Container(9000).ListItem.Property(widget.widgetsingle),systeminfo)</visible>
					<include content="SystemInfoWidgetContent">
						<param name="id">80061</param>
						<param name="left">0</param>
						<param name="top">0</param>
						<param name="width">1620</param>
						<param name="height">660</param>
						<param name="onup">80061</param>
						<param name="ondown">80061</param>
						<param name="onleft">9000</param>
						<param name="onright">80061</param>
						<param name="orientation">Vertical</param>
					</include>
				</control>
			</control>
			<control type="group">
				<include content="WidgetArrowIndicators">
					<param name="id1">80011</param>
					<param name="id2" />
					<param name="id3">80031</param>
					<param name="id4">80041</param>
					<param name="id5">80051</param>
					<param name="id6">80061</param>
					<param name="leftmainvertical">2135</param>
					<param name="topmainvertical">230</param>
					<param name="leftmainhorizontal">-150</param>
					<param name="topmainhorizontal">-150</param>
					<param name="vertbuttonup">0</param>
					<param name="vertbuttondown">620</param>
					<param name="leftbuttonleft1" />
					<param name="leftbuttonleft2" />
					<param name="leftbuttonright1" />
					<param name="leftbuttonright2" />
				</include>
			</control>
		</control>
		<control type="group">
			<visible>String.IsEqual(Container(9000).ListItem.Property(submenuVisibility),videos)</visible>
			<animation condition="Control.HasFocus(9901) | Control.HasFocus(9902) | Control.HasFocus(9903) | Control.HasFocus(9904)" effect="fade" end="20" start="100" time="300">conditional</animation>
			<animation condition="Control.HasFocus(80012) | Control.HasFocus(80022) | Control.HasFocus(80032) | Control.HasFocus(80042) | Control.HasFocus(80052) | Control.HasFocus(80062)" effect="slide" end="-360,0" reversible="true" start="0,0" time="300">conditional</animation>
			<control type="grouplist">
				<left>503</left>
				<top>185</top>
				<width>1905</width>
				<orientation>horizontal</orientation>
				<control type="label">
					<description>Title label</description>
					<height>30</height>
					<width>auto</width>
					<label>[B]$VAR[WidgetTitleVarSingle]  [/B]</label>
					<align>left</align>
					<aligny>center</aligny>
					<font>font14</font>
					<textcolor>grey</textcolor>
					<shadowcolor>black</shadowcolor>
					<visible>!Container(80012).IsUpdating</visible>
				</control>
				<control type="group">
					<include content="mediawidgetLabelsInfo">
						<param name="id">80012</param>
						<param name="widgetLine1">widgetLine012</param>
						<param name="widgetLine2">widgetLine022</param>
						<param name="widgetLine3">widgetLine032</param>
					</include>
					<include content="mediawidgetLabelsInfo">
						<param name="id">80022</param>
						<param name="widgetLine1">widgetLine012</param>
					</include>
					<include content="mediawidgetLabelsInfo">
						<param name="id">80032</param>
						<param name="widgetLine1">widgetLine012</param>
					</include>
					<include content="mediawidgetLabelsInfo">
						<param name="id">80042</param>
						<param name="widgetLine1">widgetLine012</param>
					</include>
					<include content="mediawidgetLabelsInfo">
						<param name="id">80052</param>
						<param name="widgetLine1">widgetLine012</param>
					</include>
					<include content="mediawidgetLabelsInfo">
						<param name="id">80062</param>
						<param name="widgetLine1">widgetLine012</param>
					</include>
				</control>
			</control>
			<control type="group">
				<left>503</left>
				<top>225</top>
				<visible>String.IsEqual(Container(9000).ListItem.Property(submenuVisibility),videos)</visible>
				<control id="80012" type="panel">
					<visible>String.IsEqual(Container(9000).ListItem.Property(submenuVisibility),videos)</visible>
					<include content="MediaWidgetContent">
						<param name="id">80012</param>
						<param name="aspect">Container(9000).ListItem.Property(WideWidgetSingle)</param>
						<param name="left">0</param>
						<param name="top">0</param>
						<param name="width">1620</param>
						<param name="height">660</param>
						<param name="onup">80012</param>
						<param name="ondown">80012</param>
						<param name="onleft">9000</param>
						<param name="onright">80012</param>
						<param name="orientation">Vertical</param>
					</include>
					<content limit="$INFO[Skin.String(WidgetLimit)]" target="videos">addons://sources/video/</content>
				</control>
				<control id="80022" type="panel">
					<visible>String.IsEqual(Container(9000).ListItem.Property(submenuVisibility),videos)</visible>
					<visible>String.IsEqual(Container(9000).ListItem.Property(widget.widgetsingle),weather)</visible>
					<include content="WeatherWidgetContent">
						<param name="id">80022</param>
						<param name="left">0</param>
						<param name="top">330</param>
						<param name="width">1620</param>
						<param name="height">330</param>
						<param name="onup">80022</param>
						<param name="ondown">80022</param>
						<param name="onleft">9000</param>
						<param name="onright">80022</param>
						<param name="orientation">Horizontal</param>
					</include>
				</control>
				<control type="group">
					<top>0</top>
					<control type="image">
						<description>background</description>
						<visible>Control.IsVisible(80022)</visible>
						<left>0</left>
						<top>0</top>
						<width>1620</width>
						<height>330</height>
						<texture border="15">RecentAddedBack.png</texture>
					</control>
					<control type="group">
						<visible>Control.IsVisible(80022)</visible>
						<top>0</top>
						<left>0</left>
						<width>1200</width>
						<height>300</height>
						<top>300</top>
						<control type="label">
							<animation condition="Control.HasFocus(80022)" effect="slide" end="220,0" reversible="true" start="0,0" time="300">conditional</animation>
							<left>450</left>
							<top>240</top>
							<height>75</height>
							<orientation>horizontal</orientation>
							<width>auto</width>
							<font>font13</font>
							<label>$INFO[Window(weather).Property(Location)]</label>
						</control>
						<control type="image">
							<animation condition="Control.HasFocus(80022)" effect="slide" end="65,0" reversible="true" start="0,0" time="300">conditional</animation>
							<left>0</left>
							<top>0</top>
							<height>300</height>
							<aspectratio align="left" aligny="center" scalediffuse="false">keep</aspectratio>
							<texture background="true">$VAR[WeatherIconVar]$INFO[Window(weather).Property(Current.FanartCode),,.png]</texture>
						</control>
						<control type="grouplist">
							<top>23</top>
							<left>450</left>
							<orientation>horizontal</orientation>
							<animation condition="Control.HasFocus(80022)" effect="slide" end="220,0" reversible="true" start="0,0" time="300">conditional</animation>
							<control type="label">
								<description>current temp Value</description>
								<width>auto</width>
								<height>375</height>
								<font>WeatherTemp</font>
								<label>$INFO[Window(weather).Property(Current.Temperature)]</label>
							</control>
							<control type="label">
								<description>current temp Value Units</description>
								<left>405</left>
								<width>auto</width>
								<height>324</height>
								<font>font16</font>
								<label>$INFO[System.TemperatureUnits]</label>
							</control>
						</control>
						<control type="label">
							<animation condition="Control.HasFocus(80022)" effect="slide" end="220,0" reversible="true" start="0,0" time="300">conditional</animation>
							<description>current condition label</description>
							<top>180</top>
							<left>450</left>
							<width>657</width>
							<height>60</height>
							<align>left</align>
							<label>$INFO[Window(weather).Property(Current.Condition)]</label>
							<font>font30</font>
						</control>
						<control type="grouplist">
							<animation condition="Control.HasFocus(80022)" effect="slide" end="270,0" reversible="true" start="0,0" time="300">conditional</animation>
							<left>645</left>
							<top>38</top>
							<width>657</width>
							<itemgap>15</itemgap>
							<control type="label">
								<label>[COLOR grey2]$LOCALIZE[406]: [/COLOR]$INFO[Window(weather).Property(Current.Humidity)]</label>
								<width>657</width>
								<height>45</height>
								<align>right</align>
								<font>font14</font>
							</control>
							<control type="label">
								<label>[COLOR grey2]$LOCALIZE[404]:[/COLOR] $INFO[Window(weather).Property(Current.Wind)]</label>
								<width>657</width>
								<height>45</height>
								<align>right</align>
								<font>font14</font>
							</control>
							<control type="label">
								<label>[COLOR grey2]$LOCALIZE[33027]:[/COLOR] [LOWERCASE]$INFO[Window(weather).Property(Today.Sunrise)][/LOWERCASE]</label>
								<width>657</width>
								<height>45</height>
								<align>right</align>
								<font>font14</font>
							</control>
							<control type="label">
								<label>[COLOR grey2]$LOCALIZE[33028]:[/COLOR] [LOWERCASE]$INFO[Window(weather).Property(Today.Sunset)][/LOWERCASE]</label>
								<width>657</width>
								<height>45</height>
								<align>right</align>
								<font>font14</font>
							</control>
						</control>
					</control>
				</control>
				<control id="80032" type="panel">
					<visible>String.IsEqual(Container(9000).ListItem.Property(submenuVisibility),videos)</visible>
					<visible>String.IsEqual(Container(9000).ListItem.Property(widget.widgetsingle),settings)</visible>
					<include content="SettingsWidgetContent">
						<param name="id">80032</param>
						<param name="left">0</param>
						<param name="top">0</param>
						<param name="width">1620</param>
						<param name="height">660</param>
						<param name="onup">80032</param>
						<param name="ondown">80032</param>
						<param name="onleft">9000</param>
						<param name="onright">80032</param>
						<param name="orientation">Vertical</param>
					</include>
				</control>
				<control id="80042" type="panel">
					<visible>String.IsEqual(Container(9000).ListItem.Property(submenuVisibility),videos)</visible>
					<visible>String.IsEqual(Container(9000).ListItem.Property(widget.widgetsingle),addons)</visible>
					<include content="AddonsWidgetContent">
						<param name="id">80042</param>
						<param name="left">0</param>
						<param name="top">0</param>
						<param name="width">1620</param>
						<param name="height">660</param>
						<param name="onup">80042</param>
						<param name="ondown">80042</param>
						<param name="onleft">9000</param>
						<param name="onright">80042</param>
						<param name="orientation">Vertical</param>
					</include>
				</control>
				<control id="80052" type="panel">
					<visible>String.IsEqual(Container(9000).ListItem.Property(submenuVisibility),videos)</visible>
					<visible>String.IsEqual(Container(9000).ListItem.Property(widget.widgetsingle),specialitems)</visible>
					<include content="SpecialItemsWidgetContent">
						<param name="id">80052</param>
						<param name="left">0</param>
						<param name="top">0</param>
						<param name="width">1620</param>
						<param name="height">660</param>
						<param name="onup">80052</param>
						<param name="ondown">80052</param>
						<param name="onleft">9000</param>
						<param name="onright">80052</param>
						<param name="orientation">Vertical</param>
					</include>
				</control>
				<control id="80062" type="panel">
					<visible>String.IsEqual(Container(9000).ListItem.Property(submenuVisibility),videos)</visible>
					<visible>String.IsEqual(Container(9000).ListItem.Property(widget.widgetsingle),systeminfo)</visible>
					<include content="SystemInfoWidgetContent">
						<param name="id">80062</param>
						<param name="left">0</param>
						<param name="top">0</param>
						<param name="width">1620</param>
						<param name="height">660</param>
						<param name="onup">80062</param>
						<param name="ondown">80062</param>
						<param name="onleft">9000</param>
						<param name="onright">80062</param>
						<param name="orientation">Vertical</param>
					</include>
				</control>
			</control>
			<control type="group">
				<include content="WidgetArrowIndicators">
					<param name="id1">80012</param>
					<param name="id2" />
					<param name="id3">80032</param>
					<param name="id4">80042</param>
					<param name="id5">80052</param>
					<param name="id6">80062</param>
					<param name="leftmainvertical">2135</param>
					<param name="topmainvertical">230</param>
					<param name="leftmainhorizontal">-150</param>
					<param name="topmainhorizontal">-150</param>
					<param name="vertbuttonup">0</param>
					<param name="vertbuttondown">620</param>
					<param name="leftbuttonleft1" />
					<param name="leftbuttonleft2" />
					<param name="leftbuttonright1" />
					<param name="leftbuttonright2" />
				</include>
			</control>
		</control>
		<control type="group">
			<visible>String.IsEqual(Container(9000).ListItem.Property(submenuVisibility),settings)</visible>
			<animation condition="Control.HasFocus(9901) | Control.HasFocus(9902) | Control.HasFocus(9903) | Control.HasFocus(9904)" effect="fade" end="20" start="100" time="300">conditional</animation>
			<animation condition="Control.HasFocus(80017) | Control.HasFocus(80027) | Control.HasFocus(80037) | Control.HasFocus(80047) | Control.HasFocus(80057) | Control.HasFocus(80067)" effect="slide" end="-360,0" reversible="true" start="0,0" time="300">conditional</animation>
			<control type="grouplist">
				<left>503</left>
				<top>185</top>
				<width>1905</width>
				<orientation>horizontal</orientation>
				<control type="label">
					<description>Title label</description>
					<height>30</height>
					<width>auto</width>
					<label>[B]$VAR[WidgetTitleVarSingle]  [/B]</label>
					<align>left</align>
					<aligny>center</aligny>
					<font>font14</font>
					<textcolor>grey</textcolor>
					<shadowcolor>black</shadowcolor>
					<visible>!Container(80017).IsUpdating</visible>
				</control>
				<control type="group">
					<include content="mediawidgetLabelsInfo">
						<param name="id">80017</param>
						<param name="widgetLine1">widgetLine017</param>
						<param name="widgetLine2">widgetLine027</param>
						<param name="widgetLine3">widgetLine037</param>
					</include>
					<include content="mediawidgetLabelsInfo">
						<param name="id">80027</param>
						<param name="widgetLine1">widgetLine017</param>
					</include>
					<include content="mediawidgetLabelsInfo">
						<param name="id">80037</param>
						<param name="widgetLine1">widgetLine017</param>
					</include>
					<include content="mediawidgetLabelsInfo">
						<param name="id">80047</param>
						<param name="widgetLine1">widgetLine017</param>
					</include>
					<include content="mediawidgetLabelsInfo">
						<param name="id">80057</param>
						<param name="widgetLine1">widgetLine017</param>
					</include>
					<include content="mediawidgetLabelsInfo">
						<param name="id">80067</param>
						<param name="widgetLine1">widgetLine017</param>
					</include>
				</control>
			</control>
			<control type="group">
				<left>503</left>
				<top>225</top>
				<visible>String.IsEqual(Container(9000).ListItem.Property(submenuVisibility),settings)</visible>
				<control id="80017" type="panel">
					<visible>String.IsEqual(Container(9000).ListItem.Property(submenuVisibility),settings)</visible>
					<include content="MediaWidgetContent">
						<param name="id">80017</param>
						<param name="aspect">Container(9000).ListItem.Property(WideWidgetSingle)</param>
						<param name="left">0</param>
						<param name="top">0</param>
						<param name="width">1620</param>
						<param name="height">660</param>
						<param name="onup">80017</param>
						<param name="ondown">80017</param>
						<param name="onleft">9000</param>
						<param name="onright">80017</param>
						<param name="orientation">Vertical</param>
					</include>
					<content limit="$INFO[Skin.String(WidgetLimit)]" target="" />
				</control>
				<control id="80027" type="panel">
					<visible>String.IsEqual(Container(9000).ListItem.Property(submenuVisibility),settings)</visible>
					<visible>String.IsEqual(Container(9000).ListItem.Property(widget.widgetsingle),weather)</visible>
					<include content="WeatherWidgetContent">
						<param name="id">80027</param>
						<param name="left">0</param>
						<param name="top">330</param>
						<param name="width">1620</param>
						<param name="height">330</param>
						<param name="onup">80027</param>
						<param name="ondown">80027</param>
						<param name="onleft">9000</param>
						<param name="onright">80027</param>
						<param name="orientation">Horizontal</param>
					</include>
				</control>
				<control type="group">
					<top>0</top>
					<control type="image">
						<description>background</description>
						<visible>Control.IsVisible(80027)</visible>
						<left>0</left>
						<top>0</top>
						<width>1620</width>
						<height>330</height>
						<texture border="15">RecentAddedBack.png</texture>
					</control>
					<control type="group">
						<visible>Control.IsVisible(80027)</visible>
						<top>0</top>
						<left>0</left>
						<width>1200</width>
						<height>300</height>
						<top>300</top>
						<control type="label">
							<animation condition="Control.HasFocus(80027)" effect="slide" end="220,0" reversible="true" start="0,0" time="300">conditional</animation>
							<left>450</left>
							<top>240</top>
							<height>75</height>
							<orientation>horizontal</orientation>
							<width>auto</width>
							<font>font13</font>
							<label>$INFO[Window(weather).Property(Location)]</label>
						</control>
						<control type="image">
							<animation condition="Control.HasFocus(80027)" effect="slide" end="65,0" reversible="true" start="0,0" time="300">conditional</animation>
							<left>0</left>
							<top>0</top>
							<height>300</height>
							<aspectratio align="left" aligny="center" scalediffuse="false">keep</aspectratio>
							<texture background="true">$VAR[WeatherIconVar]$INFO[Window(weather).Property(Current.FanartCode),,.png]</texture>
						</control>
						<control type="grouplist">
							<top>23</top>
							<left>450</left>
							<orientation>horizontal</orientation>
							<animation condition="Control.HasFocus(80027)" effect="slide" end="220,0" reversible="true" start="0,0" time="300">conditional</animation>
							<control type="label">
								<description>current temp Value</description>
								<width>auto</width>
								<height>375</height>
								<font>WeatherTemp</font>
								<label>$INFO[Window(weather).Property(Current.Temperature)]</label>
							</control>
							<control type="label">
								<description>current temp Value Units</description>
								<left>405</left>
								<width>auto</width>
								<height>324</height>
								<font>font16</font>
								<label>$INFO[System.TemperatureUnits]</label>
							</control>
						</control>
						<control type="label">
							<animation condition="Control.HasFocus(80027)" effect="slide" end="220,0" reversible="true" start="0,0" time="300">conditional</animation>
							<description>current condition label</description>
							<top>180</top>
							<left>450</left>
							<width>657</width>
							<height>60</height>
							<align>left</align>
							<label>$INFO[Window(weather).Property(Current.Condition)]</label>
							<font>font30</font>
						</control>
						<control type="grouplist">
							<animation condition="Control.HasFocus(80027)" effect="slide" end="270,0" reversible="true" start="0,0" time="300">conditional</animation>
							<left>645</left>
							<top>38</top>
							<width>657</width>
							<itemgap>15</itemgap>
							<control type="label">
								<label>[COLOR grey2]$LOCALIZE[406]: [/COLOR]$INFO[Window(weather).Property(Current.Humidity)]</label>
								<width>657</width>
								<height>45</height>
								<align>right</align>
								<font>font14</font>
							</control>
							<control type="label">
								<label>[COLOR grey2]$LOCALIZE[404]:[/COLOR] $INFO[Window(weather).Property(Current.Wind)]</label>
								<width>657</width>
								<height>45</height>
								<align>right</align>
								<font>font14</font>
							</control>
							<control type="label">
								<label>[COLOR grey2]$LOCALIZE[33027]:[/COLOR] [LOWERCASE]$INFO[Window(weather).Property(Today.Sunrise)][/LOWERCASE]</label>
								<width>657</width>
								<height>45</height>
								<align>right</align>
								<font>font14</font>
							</control>
							<control type="label">
								<label>[COLOR grey2]$LOCALIZE[33028]:[/COLOR] [LOWERCASE]$INFO[Window(weather).Property(Today.Sunset)][/LOWERCASE]</label>
								<width>657</width>
								<height>45</height>
								<align>right</align>
								<font>font14</font>
							</control>
						</control>
					</control>
				</control>
				<control id="80037" type="panel">
					<visible>String.IsEqual(Container(9000).ListItem.Property(submenuVisibility),settings)</visible>
					<visible>String.IsEqual(Container(9000).ListItem.Property(widget.widgetsingle),settings)</visible>
					<include content="SettingsWidgetContent">
						<param name="id">80037</param>
						<param name="left">0</param>
						<param name="top">0</param>
						<param name="width">1620</param>
						<param name="height">660</param>
						<param name="onup">80037</param>
						<param name="ondown">80037</param>
						<param name="onleft">9000</param>
						<param name="onright">80037</param>
						<param name="orientation">Vertical</param>
					</include>
				</control>
				<control id="80047" type="panel">
					<visible>String.IsEqual(Container(9000).ListItem.Property(submenuVisibility),settings)</visible>
					<visible>String.IsEqual(Container(9000).ListItem.Property(widget.widgetsingle),addons)</visible>
					<include content="AddonsWidgetContent">
						<param name="id">80047</param>
						<param name="left">0</param>
						<param name="top">0</param>
						<param name="width">1620</param>
						<param name="height">660</param>
						<param name="onup">80047</param>
						<param name="ondown">80047</param>
						<param name="onleft">9000</param>
						<param name="onright">80047</param>
						<param name="orientation">Vertical</param>
					</include>
				</control>
				<control id="80057" type="panel">
					<visible>String.IsEqual(Container(9000).ListItem.Property(submenuVisibility),settings)</visible>
					<visible>String.IsEqual(Container(9000).ListItem.Property(widget.widgetsingle),specialitems)</visible>
					<include content="SpecialItemsWidgetContent">
						<param name="id">80057</param>
						<param name="left">0</param>
						<param name="top">0</param>
						<param name="width">1620</param>
						<param name="height">660</param>
						<param name="onup">80057</param>
						<param name="ondown">80057</param>
						<param name="onleft">9000</param>
						<param name="onright">80057</param>
						<param name="orientation">Vertical</param>
					</include>
				</control>
				<control id="80067" type="panel">
					<visible>String.IsEqual(Container(9000).ListItem.Property(submenuVisibility),settings)</visible>
					<visible>String.IsEqual(Container(9000).ListItem.Property(widget.widgetsingle),systeminfo)</visible>
					<include content="SystemInfoWidgetContent">
						<param name="id">80067</param>
						<param name="left">0</param>
						<param name="top">0</param>
						<param name="width">1620</param>
						<param name="height">660</param>
						<param name="onup">80067</param>
						<param name="ondown">80067</param>
						<param name="onleft">9000</param>
						<param name="onright">80067</param>
						<param name="orientation">Vertical</param>
					</include>
				</control>
			</control>
			<control type="group">
				<include content="WidgetArrowIndicators">
					<param name="id1">80017</param>
					<param name="id2" />
					<param name="id3">80037</param>
					<param name="id4">80047</param>
					<param name="id5">80057</param>
					<param name="id6">80067</param>
					<param name="leftmainvertical">2135</param>
					<param name="topmainvertical">230</param>
					<param name="leftmainhorizontal">-150</param>
					<param name="topmainhorizontal">-150</param>
					<param name="vertbuttonup">0</param>
					<param name="vertbuttondown">620</param>
					<param name="leftbuttonleft1" />
					<param name="leftbuttonleft2" />
					<param name="leftbuttonright1" />
					<param name="leftbuttonright2" />
				</include>
			</control>
		</control>
	</include>
	<include name="skinshortcuts-template-widget">
		<include condition="String.IsEqual(System.ProfileName,Master user)">skinshortcuts-template-widget-Master user</include>
	</include>
	<include name="skinshortcuts-template-widget-Master user">
		<control type="group">
			<visible>String.IsEqual(Container(9000).ListItem.Property(submenuVisibility),num-24001)</visible>
			<animation condition="Control.HasFocus(9901) | Control.HasFocus(9902) | Control.HasFocus(9903) | Control.HasFocus(9904)" effect="fade" end="20" start="100" time="300">conditional</animation>
			<animation condition="Control.HasFocus(80116) | Control.HasFocus(80126) | Control.HasFocus(80136) | Control.HasFocus(80146) | Control.HasFocus(80156) | Control.HasFocus(80166) |                  Control.HasFocus(80216) | Control.HasFocus(80226) | Control.HasFocus(80236) | Control.HasFocus(80246) | Control.HasFocus(80256) | Control.HasFocus(80266) | Control.HasFocus(80316) | Control.HasFocus(80326) | Control.HasFocus(80336) | Control.HasFocus(80346) | Control.HasFocus(80356) | Control.HasFocus(80366) | Control.HasFocus(80416) | Control.HasFocus(80426) | Control.HasFocus(80436) | Control.HasFocus(80446) | Control.HasFocus(80456) | Control.HasFocus(80466)" effect="slide" end="-485,0" reversible="true" start="0,0" time="300">conditional</animation>
			<animation condition="[Control.HasFocus(80316) | Control.HasFocus(80326) | Control.HasFocus(80336) | Control.HasFocus(80346) | Control.HasFocus(80356) | Control.HasFocus(80366)]" effect="slide" end="0,-430" reversible="true" start="0,0" time="250">conditional</animation>
			<animation condition="[Control.HasFocus(80416) | Control.HasFocus(80426) | Control.HasFocus(80436) | Control.HasFocus(80446) | Control.HasFocus(80456) | Control.HasFocus(80466)]" effect="slide" end="0,-860" reversible="true" start="0,0" time="250">conditional</animation>
			<control type="grouplist">
				<left>503</left>
				<top>140</top>
				<width>1905</width>
				<orientation>horizontal</orientation>
				<control type="label">
					<description>Title label</description>
					<height>30</height>
					<width>auto</width>
					<label>[B]$VAR[WidgetTitleVar]  [/B]</label>
					<aligny>center</aligny>
					<font>font14</font>
					<textcolor>grey</textcolor>
					<shadowcolor>black</shadowcolor>
					<visible>!Container(80116).IsUpdating</visible>
				</control>
				<control type="group">
					<include content="mediawidgetLabelsInfo">
						<param name="id">80116</param>
						<param name="widgetLine1">widgetLine16</param>
						<param name="widgetLine2">widgetLine26</param>
						<param name="widgetLine3">widgetLine36</param>
					</include>
					<include content="mediawidgetLabelsInfo">
						<param name="id">80126</param>
						<param name="widgetLine1">widgetLine16</param>
					</include>
					<include content="mediawidgetLabelsInfo">
						<param name="id">80136</param>
						<param name="widgetLine1">widgetLine16</param>
					</include>
					<include content="mediawidgetLabelsInfo">
						<param name="id">80146</param>
						<param name="widgetLine1">widgetLine16</param>
					</include>
					<include content="mediawidgetLabelsInfo">
						<param name="id">80156</param>
						<param name="widgetLine1">widgetLine16</param>
					</include>
					<include content="mediawidgetLabelsInfo">
						<param name="id">80166</param>
						<param name="widgetLine1">widgetLine16</param>
					</include>
				</control>
			</control>
			<control type="group">
				<left>503</left>
				<top>0</top>
				<visible>String.IsEqual(Container(9000).ListItem.Property(submenuVisibility),num-24001)</visible>
				<control id="80116" type="panel">
					<visible>String.IsEqual(Container(9000).ListItem.Property(submenuVisibility),num-24001)</visible>
					<include content="MediaWidgetContent">
						<param name="id">80116</param>
						<param name="aspect">Container(9000).ListItem.Property(WideWidget)</param>
						<param name="left">0</param>
						<param name="top">180</param>
						<param name="width">1930</param>
						<param name="height">330</param>
						<param name="onup">9003</param>
						<param name="ondown">9004</param>
						<param name="onleft">9000</param>
						<param name="onright">80116</param>
						<param name="orientation">Horizontal</param>
					</include>
					<content limit="$INFO[Skin.String(WidgetLimit)]" target="" />
				</control>
				<control id="80126" type="panel">
					<visible>String.IsEqual(Container(9000).ListItem.Property(submenuVisibility),num-24001)</visible>
					<visible>String.IsEqual(Container(9000).ListItem.Property(widget),weather)</visible>
					<include content="WeatherWidgetContent">
						<param name="id">80126</param>
						<param name="left">0</param>
						<param name="top">180</param>
						<param name="width">1890</param>
						<param name="height">330</param>
						<param name="onup">9003</param>
						<param name="ondown">9004</param>
						<param name="onleft">9000</param>
						<param name="onright">80126</param>
						<param name="orientation">Horizontal</param>
					</include>
				</control>
				<control id="80136" type="panel">
					<visible>String.IsEqual(Container(9000).ListItem.Property(submenuVisibility),num-24001)</visible>
					<visible>String.IsEqual(Container(9000).ListItem.Property(widget),settings)</visible>
					<include content="SettingsWidgetContent">
						<param name="id">80136</param>
						<param name="left">0</param>
						<param name="top">180</param>
						<param name="width">1890</param>
						<param name="height">330</param>
						<param name="onup">9003</param>
						<param name="ondown">9004</param>
						<param name="onleft">9000</param>
						<param name="onright">80136</param>
						<param name="orientation">Horizontal</param>
					</include>
				</control>
				<control id="80146" type="panel">
					<visible>String.IsEqual(Container(9000).ListItem.Property(submenuVisibility),num-24001)</visible>
					<visible>String.IsEqual(Container(9000).ListItem.Property(widget),addons)</visible>
					<include content="AddonsWidgetContent">
						<param name="id">80146</param>
						<param name="left">0</param>
						<param name="top">180</param>
						<param name="width">1890</param>
						<param name="height">330</param>
						<param name="onup">9003</param>
						<param name="ondown">9004</param>
						<param name="onleft">9000</param>
						<param name="onright">80146</param>
						<param name="orientation">Horizontal</param>
					</include>
				</control>
				<control id="80156" type="panel">
					<visible>String.IsEqual(Container(9000).ListItem.Property(submenuVisibility),num-24001)</visible>
					<visible>String.IsEqual(Container(9000).ListItem.Property(widget),specialitems)</visible>
					<include content="SpecialItemsWidgetContent">
						<param name="id">80156</param>
						<param name="left">0</param>
						<param name="top">180</param>
						<param name="width">1890</param>
						<param name="height">330</param>
						<param name="onup">9003</param>
						<param name="ondown">9004</param>
						<param name="onleft">9000</param>
						<param name="onright">80156</param>
						<param name="orientation">Horizontal</param>
					</include>
				</control>
				<control id="80166" type="panel">
					<visible>String.IsEqual(Container(9000).ListItem.Property(submenuVisibility),num-24001)</visible>
					<visible>String.IsEqual(Container(9000).ListItem.Property(widget),systeminfo)</visible>
					<include content="SystemInfoWidgetContent">
						<param name="id">80166</param>
						<param name="left">0</param>
						<param name="top">180</param>
						<param name="width">1890</param>
						<param name="height">330</param>
						<param name="onup">9003</param>
						<param name="ondown">9004</param>
						<param name="onleft">9000</param>
						<param name="onright">80166</param>
						<param name="orientation">Horizontal</param>
					</include>
				</control>
			</control>
			<control type="group">
				<include content="WidgetArrowIndicators">
					<param name="id1">80116</param>
					<param name="id2">80126</param>
					<param name="id3">80136</param>
					<param name="id4">80146</param>
					<param name="id5">80156</param>
					<param name="id6">80166</param>
					<param name="leftmainvertical">-150</param>
					<param name="topmainvertical">-150</param>
					<param name="leftmainhorizontal">510</param>
					<param name="topmainhorizontal">515</param>
					<param name="topbuttonup1" />
					<param name="topbuttonup2" />
					<param name="topbuttondown1" />
					<param name="topbuttondown2" />
					<param name="horizbuttonleft">0</param>
					<param name="horizbuttonright">1850</param>
				</include>
			</control>
		</control>
	</include>
	<variable name="widgetLine011">
		<value condition="!String.IsEmpty(Container(80011).ListItem.Episode)">$INFO[Container(80011).ListItem.Season,,x]$INFO[Container(80011).ListItem.Episode,,. ]$INFO[Container(80011).ListItem.Title]</value>
		<value condition="!String.IsEmpty(Container(80011).ListItem.Title)">$INFO[Container(80011).ListItem.Title]</value>
		<value condition="Control.HasFocus(80021)">$INFO[Container(80021).ListItem.Label]</value>
		<value condition="Control.HasFocus(80031)">$INFO[Container(80031).ListItem.Label2]</value>
		<value condition="Control.HasFocus(80041)">$INFO[Container(80041).ListItem.Label]</value>
		<value condition="Control.HasFocus(80051)">$INFO[Container(80051).ListItem.Label]</value>
		<value condition="Control.HasFocus(80061)">$INFO[Container(80061).ListItem.Label]</value>
		<value>$INFO[Container(80011).ListItem.Label]</value>
	</variable>
	<variable name="widgetLine021">
		<value condition="!String.IsEmpty(Container(80011).ListItem.Episode)">• $INFO[Container(80011).ListItem.TvShowTitle]$INFO[Container(80011).ListItem.Premiered, • ]</value>
		<value condition="!String.IsEmpty(Container(80011).ListItem.Artist)">• $INFO[Container(80011).ListItem.Artist]$INFO[Container(80011).ListItem.Year, • ]</value>
		<value condition="!String.IsEmpty(Container(80011).ListItem.Year)">• $INFO[Container(80011).ListItem.Year]</value>
		<value condition="!String.IsEmpty(Container(80011).ListItem.Label2)">• $INFO[Container(80011).ListItem.Label2]</value>
		<value condition="!String.IsEmpty(Container(80071).ListItem.Episode)">• $INFO[Container(80071).ListItem.TvShowTitle]$INFO[Container(80071).ListItem.Premiered, • ]</value>
		<value condition="!String.IsEmpty(Container(80071).ListItem.Artist)">• $INFO[Container(80071).ListItem.Artist]$INFO[Container(80071).ListItem.Year, • ]</value>
		<value condition="!String.IsEmpty(Container(80071).ListItem.Year)">• $INFO[Container(80071).ListItem.Year]</value>
		<value condition="!String.IsEmpty(Container(80071).ListItem.Label2)">• $INFO[Container(80071).ListItem.Label2]</value>
		<value condition="!String.IsEmpty(Container(80081).ListItem.Episode)">• $INFO[Container(80081).ListItem.TvShowTitle]$INFO[Container(80081).ListItem.Premiered, • ]</value>
		<value condition="!String.IsEmpty(Container(80081).ListItem.Artist)">• $INFO[Container(80081).ListItem.Artist]$INFO[Container(80081).ListItem.Year, • ]</value>
		<value condition="!String.IsEmpty(Container(80081).ListItem.Year)">• $INFO[Container(80081).ListItem.Year]</value>
		<value condition="!String.IsEmpty(Container(80081).ListItem.Label2)">• $INFO[Container(80081).ListItem.Label2]</value>
	</variable>
	<variable name="widgetLine031">
		<value condition="!IsEmpty(Container(80011).ListItem.Duration)">$INFO[Container(80011).ListItem.Duration,• , mins]</value>
	</variable>
	<variable name="widgetLine012">
		<value condition="!String.IsEmpty(Container(80012).ListItem.Episode)">$INFO[Container(80012).ListItem.Season,,x]$INFO[Container(80012).ListItem.Episode,,. ]$INFO[Container(80012).ListItem.Title]</value>
		<value condition="!String.IsEmpty(Container(80012).ListItem.Title)">$INFO[Container(80012).ListItem.Title]</value>
		<value condition="Control.HasFocus(80022)">$INFO[Container(80022).ListItem.Label]</value>
		<value condition="Control.HasFocus(80032)">$INFO[Container(80032).ListItem.Label2]</value>
		<value condition="Control.HasFocus(80042)">$INFO[Container(80042).ListItem.Label]</value>
		<value condition="Control.HasFocus(80052)">$INFO[Container(80052).ListItem.Label]</value>
		<value condition="Control.HasFocus(80062)">$INFO[Container(80062).ListItem.Label]</value>
		<value>$INFO[Container(80012).ListItem.Label]</value>
	</variable>
	<variable name="widgetLine022">
		<value condition="!String.IsEmpty(Container(80012).ListItem.Episode)">• $INFO[Container(80012).ListItem.TvShowTitle]$INFO[Container(80012).ListItem.Premiered, • ]</value>
		<value condition="!String.IsEmpty(Container(80012).ListItem.Artist)">• $INFO[Container(80012).ListItem.Artist]$INFO[Container(80012).ListItem.Year, • ]</value>
		<value condition="!String.IsEmpty(Container(80012).ListItem.Year)">• $INFO[Container(80012).ListItem.Year]</value>
		<value condition="!String.IsEmpty(Container(80012).ListItem.Label2)">• $INFO[Container(80012).ListItem.Label2]</value>
		<value condition="!String.IsEmpty(Container(80072).ListItem.Episode)">• $INFO[Container(80072).ListItem.TvShowTitle]$INFO[Container(80072).ListItem.Premiered, • ]</value>
		<value condition="!String.IsEmpty(Container(80072).ListItem.Artist)">• $INFO[Container(80072).ListItem.Artist]$INFO[Container(80072).ListItem.Year, • ]</value>
		<value condition="!String.IsEmpty(Container(80072).ListItem.Year)">• $INFO[Container(80072).ListItem.Year]</value>
		<value condition="!String.IsEmpty(Container(80072).ListItem.Label2)">• $INFO[Container(80072).ListItem.Label2]</value>
		<value condition="!String.IsEmpty(Container(80082).ListItem.Episode)">• $INFO[Container(80082).ListItem.TvShowTitle]$INFO[Container(80082).ListItem.Premiered, • ]</value>
		<value condition="!String.IsEmpty(Container(80082).ListItem.Artist)">• $INFO[Container(80082).ListItem.Artist]$INFO[Container(80082).ListItem.Year, • ]</value>
		<value condition="!String.IsEmpty(Container(80082).ListItem.Year)">• $INFO[Container(80082).ListItem.Year]</value>
		<value condition="!String.IsEmpty(Container(80082).ListItem.Label2)">• $INFO[Container(80082).ListItem.Label2]</value>
	</variable>
	<variable name="widgetLine032">
		<value condition="!IsEmpty(Container(80012).ListItem.Duration)">$INFO[Container(80012).ListItem.Duration,• , mins]</value>
	</variable>
	<variable name="widgetLine16">
		<value condition="!String.IsEmpty(Container(80116).ListItem.Episode)">$INFO[Container(80116).ListItem.Season,,x]$INFO[Container(80116).ListItem.Episode,,. ]$INFO[Container(80116).ListItem.Title]</value>
		<value condition="!String.IsEmpty(Container(80116).ListItem.Title)">$INFO[Container(80116).ListItem.Title]</value>
		<value condition="Control.HasFocus(80126)">$INFO[Container(80126).ListItem.Label]</value>
		<value condition="Control.HasFocus(80136)">$INFO[Container(80136).ListItem.Label2]</value>
		<value condition="Control.HasFocus(80146)">$INFO[Container(80146).ListItem.Label]</value>
		<value condition="Control.HasFocus(80156)">$INFO[Container(80156).ListItem.Label]</value>
		<value condition="Control.HasFocus(80166)">$INFO[Container(80166).ListItem.Label]</value>
		<value>$INFO[Container(80116).ListItem.Label]</value>
	</variable>
	<variable name="widgetLine26">
		<value condition="!String.IsEmpty(Container(80116).ListItem.Episode)">• $INFO[Container(80116).ListItem.TvShowTitle]$INFO[Container(80116).ListItem.Premiered, • ]</value>
		<value condition="!String.IsEmpty(Container(80116).ListItem.Artist)">• $INFO[Container(80116).ListItem.Artist]$INFO[Container(80116).ListItem.Year, • ]</value>
		<value condition="!String.IsEmpty(Container(80116).ListItem.Year)">• $INFO[Container(80116).ListItem.Year]</value>
		<value condition="!String.IsEmpty(Container(80116).ListItem.Label2)">• $INFO[Container(80116).ListItem.Label2]</value>
	</variable>
	<variable name="widgetLine36">
		<value condition="!IsEmpty(Container(80116).ListItem.Duration)">$INFO[Container(80116).ListItem.Duration,• , mins]</value>
	</variable>
	<variable name="widgetExtraArt6">
		<value condition="StringCompare(Container(80116).ListItem.DBTYPE,episode)">$INFO[Container(80116).ListItem.Art(thumb)]</value>
		<value condition="!IsEmpty(Container(80116).ListItem.Art(fanart)">$INFO[Container(80116).ListItem.Art(fanart)]</value>
		<value>$INFO[Container(80116).ListItem.Icon)]</value>
	</variable>
	<variable name="widgetLine017">
		<value condition="!String.IsEmpty(Container(80017).ListItem.Episode)">$INFO[Container(80017).ListItem.Season,,x]$INFO[Container(80017).ListItem.Episode,,. ]$INFO[Container(80017).ListItem.Title]</value>
		<value condition="!String.IsEmpty(Container(80017).ListItem.Title)">$INFO[Container(80017).ListItem.Title]</value>
		<value condition="Control.HasFocus(80027)">$INFO[Container(80027).ListItem.Label]</value>
		<value condition="Control.HasFocus(80037)">$INFO[Container(80037).ListItem.Label2]</value>
		<value condition="Control.HasFocus(80047)">$INFO[Container(80047).ListItem.Label]</value>
		<value condition="Control.HasFocus(80057)">$INFO[Container(80057).ListItem.Label]</value>
		<value condition="Control.HasFocus(80067)">$INFO[Container(80067).ListItem.Label]</value>
		<value>$INFO[Container(80017).ListItem.Label]</value>
	</variable>
	<variable name="widgetLine027">
		<value condition="!String.IsEmpty(Container(80017).ListItem.Episode)">• $INFO[Container(80017).ListItem.TvShowTitle]$INFO[Container(80017).ListItem.Premiered, • ]</value>
		<value condition="!String.IsEmpty(Container(80017).ListItem.Artist)">• $INFO[Container(80017).ListItem.Artist]$INFO[Container(80017).ListItem.Year, • ]</value>
		<value condition="!String.IsEmpty(Container(80017).ListItem.Year)">• $INFO[Container(80017).ListItem.Year]</value>
		<value condition="!String.IsEmpty(Container(80017).ListItem.Label2)">• $INFO[Container(80017).ListItem.Label2]</value>
		<value condition="!String.IsEmpty(Container(80077).ListItem.Episode)">• $INFO[Container(80077).ListItem.TvShowTitle]$INFO[Container(80077).ListItem.Premiered, • ]</value>
		<value condition="!String.IsEmpty(Container(80077).ListItem.Artist)">• $INFO[Container(80077).ListItem.Artist]$INFO[Container(80077).ListItem.Year, • ]</value>
		<value condition="!String.IsEmpty(Container(80077).ListItem.Year)">• $INFO[Container(80077).ListItem.Year]</value>
		<value condition="!String.IsEmpty(Container(80077).ListItem.Label2)">• $INFO[Container(80077).ListItem.Label2]</value>
		<value condition="!String.IsEmpty(Container(80087).ListItem.Episode)">• $INFO[Container(80087).ListItem.TvShowTitle]$INFO[Container(80087).ListItem.Premiered, • ]</value>
		<value condition="!String.IsEmpty(Container(80087).ListItem.Artist)">• $INFO[Container(80087).ListItem.Artist]$INFO[Container(80087).ListItem.Year, • ]</value>
		<value condition="!String.IsEmpty(Container(80087).ListItem.Year)">• $INFO[Container(80087).ListItem.Year]</value>
		<value condition="!String.IsEmpty(Container(80087).ListItem.Label2)">• $INFO[Container(80087).ListItem.Label2]</value>
	</variable>
	<variable name="widgetLine037">
		<value condition="!IsEmpty(Container(80017).ListItem.Duration)">$INFO[Container(80017).ListItem.Duration,• , mins]</value>
	</variable>
	<include name="skinshortcuts-template-widget2">
		<description>This include was built automatically as the template didn't match any menu items</description>
	</include>
	<include name="skinshortcuts-template-widget3">
		<description>This include was built automatically as the template didn't match any menu items</description>
	</include>
	<include name="skinshortcuts-template-widget4">
		<description>This include was built automatically as the template didn't match any menu items</description>
	</include>
</includes>
