<?xml version="1.0" encoding="UTF-8"?>
<window>
    <defaultcontrol></defaultcontrol>
    <controls>
        <!-- media infos -->
        <control type="group" id="1">
            <depth>DepthOSD</depth>
            <visible>Player.ShowInfo + Window.IsActive(FullScreenVideo)</visible>
            <control type="image" id="1">
                <left>-30</left>
                <top>-225</top>
                <width>1980</width>
                <height>384</height>
                <texture flipy="true" border="1">HomeNowPlayingBack.png</texture>
            </control>
            <control type="label" id="1">
                <description>Chapter Count Header label</description>
                <left>45</left>
                <top>8</top>
                <width>1500</width>
                <height>38</height>
                <align>left</align>
                <aligny>center</aligny>
                <font>font13</font>
                <textcolor>white</textcolor>
                <shadowcolor>black</shadowcolor>
                <label>$INFO[Player.Chapter,$LOCALIZE[21396]: ]$INFO[Player.ChapterCount, / ]$INFO[Player.ChapterName,[COLOR=grey] - (,)[/COLOR]]</label>
                <visible>Player.ChapterCount + !VideoPlayer.Content(LiveTV)</visible>
            </control>
            <control type="label" id="1">
                <description>Clock label</description>
                <left>675</left>
                <top>8</top>
                <width>1200</width>
                <height>38</height>
                <align>right</align>
                <aligny>center</aligny>
                <font>font13</font>
                <textcolor>white</textcolor>
                <shadowcolor>black</shadowcolor>
                <label>$INFO[System.Time]</label>
                <animation effect="slide" start="0,0" end="-45,0" time="0" condition="Window.IsVisible(Mutebug)">conditional</animation>
                <animation effect="slide" start="0,0" end="-105,0" time="0" condition="Window.IsVisible(VideoOSD)">conditional</animation>
            </control>
            <control type="image" id="1">
                <left>-30</left>
                <top>345r</top>
                <width>1980</width>
                <height>345</height>
                <texture border="1">HomeNowPlayingBack.png</texture>
            </control>
        </control>
        <control type="group" id="1">
            <depth>DepthOSD</depth>
            <visible>Player.ShowInfo + Window.IsActive(FullScreenVideo)</visible>
            <left>0</left>
            <top>540</top>
            <control type="image" id="1">
                <description>background</description>
                <left></left>
                <top>60</top>
                <width>1950</width>
                <height>555</height>
                <texture border="30">RecentAddedBack.png</texture>
            </control>
            <control type="image" id="1">
                <description>Movie cover image</description>
                <left>-45</left>
                <top>75</top>
                <width>450</width>
                <height>450</height>
                <texture fallback="DefaultVideoCover.png">$VAR[PlayerArtworkVar]</texture>
                <aspectratio aligny="bottom">keep</aspectratio>
                <bordertexture border="12">ThumbShadow.png</bordertexture>
                <bordersize>12</bordersize>
            </control>
            <!-- Resolution Flags Grouplist -->
            <control type="grouplist" id="1">
                <left>1395</left>
                <top>75</top>
                <width>520</width>
                <height>60</height>
                <itemgap>-8</itemgap>
                <align>right</align>
                <orientation>horizontal</orientation>
                <control type="image" id="1">
                    <description>Video Resolution Image</description>
                    <width>108</width>
                    <height>75</height>
                    <aspectratio align="center">keep</aspectratio>
                    <texture>$INFO[VideoPlayer.VideoResolution,flagging/video/,.png]</texture>
                    <visible>!Player.ChannelPreviewActive</visible>
                </control>
                <control type="image" id="1">
                    <description>Video Codec Image</description>
                    <width>108</width>
                    <height>75</height>
                    <aspectratio align="center">keep</aspectratio>
                    <texture>$INFO[VideoPlayer.VideoCodec,flagging/video/,.png]</texture>
                    <visible>!Player.ChannelPreviewActive</visible>
                </control>
                <control type="image" id="1">
                    <description>Audio Channels Image</description>
                    <width>108</width>
                    <height>75</height>
                    <aspectratio align="center">keep</aspectratio>
                    <texture>$INFO[VideoPlayer.AudioChannels,flagging/audio/,.png]</texture>
                    <visible>!Player.ChannelPreviewActive</visible>
                </control>
                <control type="image" id="1">
                    <description>Audio Codec Image</description>
                    <width>108</width>
                    <height>75</height>
                    <aspectratio align="center">keep</aspectratio>
                    <visible>String.IsEmpty(ADSP.MasterOverrideIcon) + !Player.ChannelPreviewActive</visible>
                    <texture>$INFO[VideoPlayer.AudioCodec,flagging/audio/,.png]</texture>
                </control>
                <control type="image" id="1">
                    <description>ADSP Audio Codec Override Image</description>
                    <width>108</width>
                    <height>75</height>
                    <aspectratio align="right">keep</aspectratio>
                    <visible>![String.IsEmpty(ADSP.MasterOverrideIcon) | Player.ChannelPreviewActive]</visible>
                    <texture>$INFO[ADSP.MasterOverrideIcon]</texture>
                </control>
            </control>
            <!-- Title -->
            <control type="label" id="1">
                <description>Movie/Episode label</description>
                <width>1020</width>
                <left>356</left>
                <top>65</top>
                <height>52</height>
                <align>left</align>
                <font>font35_title</font>
                <label>$INFO[VideoPlayer.Title]</label>
                <textcolor>$VAR[ColorHighlightVar]</textcolor>
                <shadowcolor>black</shadowcolor>
                <scroll>true</scroll>
            </control>
            <!-- Movie Rating -->
            <control type="label" id="1">
                <description>Studio label</description>
                <width min="15" max="705">auto</width>
                <left>356</left>
                <top>128</top>
                <height>26</height>
                <align>left</align>
                <font>font12</font>
                <label>$INFO[VideoPlayer.Rating,Rating: ]</label>
                <textcolor>grey2</textcolor>
                <shadowcolor>black</shadowcolor>
                <scroll>true</scroll>
                <visible>VideoPlayer.Content(Movies)</visible>
            </control>
            <!-- TVShow Title/Season/Episode -->
            <control type="label" id="1">
                <width min="15" max="705">auto</width>
                <left>356</left>
                <top>135</top>
                <height>26</height>
                <font>font14</font>
                <textcolor>grey</textcolor>
                <align>left</align>
                <aligny>center</aligny>
                <label>$INFO[VideoPlayer.TVShowTitle] ($INFO[VideoPlayer.Season,,x]$INFO[VideoPlayer.Episode])</label>
                <scroll>true</scroll>
                <visible>VideoPlayer.Content(Episodes)</visible>
            </control>
            <!-- Tagline -->
            <control type="label" id="1">
                <width min="15" max="1500">auto</width>
                <left>356</left>
                <top>172</top>
                <height>26</height>
                <font>font14</font>
                <textcolor>grey</textcolor>
                <align>left</align>
                <aligny>center</aligny>
                <label>$INFO[VideoPlayer.Tagline,[I],[/I]]</label>
                <scroll>true</scroll>
                <visible>VideoPlayer.Content(Movies)</visible>
            </control>
            <!-- Genre -->
            <control type="label" id="1">
                <width min="15" max="1500">auto</width>
                <left>356</left>
                <top>172</top>
                <height>26</height>
                <font>font12</font>
                <textcolor>grey2</textcolor>
                <align>left</align>
                <aligny>center</aligny>
                <label>$INFO[VideoPlayer.Genre,[I],[/I]]</label>
                <scroll>true</scroll>
                <visible>VideoPlayer.Content(Episodes)</visible>
            </control>
            <!-- Plot -->
            <control type="textbox" id="1">
                <left>356</left>
                <top>216</top>
                <height>142</height>
                <width>1500</width>
                <align>left</align>
                <label>$INFO[VideoPlayer.Plot]</label>
                <autoscroll time="5000" delay="7000" repeat="10000">Skin.HasSetting(AutoScroll)</autoscroll>
            </control>
        </control>
        <control type="group" id="1">
            <left>225</left>
            <top>540</top>
            <visible>Player.ShowInfo + Window.IsActive(FullScreenVideo)</visible>
            <control type="label" id="1">
                <visible>!VideoPlayer.Content(LiveTV)</visible>
                <left>120</left>
                <top>368</top>
                <width>160</width>
                <height>60</height>
                <font>font16</font>
                <textcolor>grey2</textcolor>
                <align>right</align>
                <aligny>center</aligny>
                <label>$INFO[Player.Time(hh:mm:ss)]</label>
            </control>
            <control type="label" id="1">
                <visible>VideoPlayer.Content(LiveTV)</visible>
                <left>120</left>
                <top>368</top>
                <width>160</width>
                <height>60</height>
                <font>font16</font>
                <textcolor>grey2</textcolor>
                <align>right</align>
                <aligny>center</aligny>
                <label>$INFO[Player.StartTime(hh:mm)]</label>
            </control>
            <control type="progress" id="1">
                <description>ProgressbarCache</description>
                <left>295</left>
                <top>390</top>
                <width>900</width>
                <height>24</height>
                <info>Player.ProgressCache</info>
                <midtexture border="9,0,9,0">OSDProgressMidLight.png</midtexture>
                <visible>!Player.ChannelPreviewActive</visible>
            </control>
            <control type="progress" id="1">
                <description>Progressbar</description>
                <left>295</left>
                <top>390</top>
                <width>900</width>
                <height>24</height>
                <info>Player.Progress</info>
            </control>
            <control type="label" id="1">
                <visible>!VideoPlayer.Content(LiveTV)</visible>
                <left>1210</left>
                <top>368</top>
                <width>150</width>
                <height>60</height>
                <font>font16</font>
                <textcolor>grey2</textcolor>
                <align>left</align>
                <aligny>center</aligny>
                <label>$INFO[Player.Duration(hh:mm:ss)]</label>
            </control>
            <control type="label" id="1">
                <visible>VideoPlayer.Content(LiveTV)</visible>
                <left>1210</left>
                <top>368</top>
                <width>150</width>
                <height>60</height>
                <font>font16</font>
                <textcolor>grey2</textcolor>
                <align>left</align>
                <aligny>center</aligny>
                <label>$INFO[Player.FinishTime(hh:mm)]</label>
            </control>
        </control>
        <control type="group">
            <depth>DepthOSD+</depth>
            <visible>Player.ShowCodec + VideoPlayer.Content(LiveTV) + system.getbool(pvrplayback.signalquality)</visible>
            <top>278</top>
            <control type="image">
                <description>media info background image</description>
                <left>0</left>
                <top>0</top>
                <width>1920</width>
                <height>330</height>
                <texture>black-back.png</texture>
            </control>
            <control type="label">
                <description>Header</description>
                <left>75</left>
                <top>8</top>
                <width>1800</width>
                <height>38</height>
                <label>$LOCALIZE[19005]</label>
                <align>left</align>
                <aligny>center</aligny>
                <font>font13_title</font>
                <textcolor>$VAR[ColorHighlightVar]</textcolor>
            </control>
            <control type="label">
                <description>Backend</description>
                <left>75</left>
                <top>60</top>
                <width>248</width>
                <height>38</height>
                <label>$LOCALIZE[19012]:</label>
                <align>left</align>
                <aligny>center</aligny>
                <font>font12</font>
                <textcolor>grey2</textcolor>
            </control>
            <control type="label">
                <description>Backend value</description>
                <left>330</left>
                <top>60</top>
                <width>1500</width>
                <height>38</height>
                <label>$INFO[PVR.ActStreamClient]</label>
                <align>left</align>
                <aligny>center</aligny>
                <font>font12</font>
                <textcolor>white</textcolor>
            </control>
            <control type="label">
                <description>Device</description>
                <left>75</left>
                <top>98</top>
                <width>248</width>
                <height>38</height>
                <label>$LOCALIZE[19006]:</label>
                <align>left</align>
                <aligny>center</aligny>
                <font>font12</font>
                <textcolor>grey2</textcolor>
            </control>
            <control type="label">
                <description>Device value</description>
                <left>330</left>
                <top>98</top>
                <width>1500</width>
                <height>38</height>
                <label>$INFO[PVR.ActStreamDevice]</label>
                <align>left</align>
                <aligny>center</aligny>
                <font>font12</font>
                <textcolor>white</textcolor>
            </control>
            <control type="label">
                <description>Status</description>
                <left>75</left>
                <top>135</top>
                <width>248</width>
                <height>38</height>
                <label>$LOCALIZE[19007]:</label>
                <align>left</align>
                <aligny>center</aligny>
                <font>font12</font>
                <textcolor>grey2</textcolor>
            </control>
            <control type="label">
                <description>Status value</description>
                <left>330</left>
                <top>135</top>
                <width>1500</width>
                <height>38</height>
                <label>$INFO[PVR.ActStreamStatus]</label>
                <align>left</align>
                <aligny>center</aligny>
                <font>font12</font>
                <textcolor>white</textcolor>
            </control>
            <control type="label">
                <description>Signal</description>
                <left>75</left>
                <top>172</top>
                <width>248</width>
                <height>38</height>
                <label>$LOCALIZE[19008]:</label>
                <align>left</align>
                <aligny>center</aligny>
                <font>font12</font>
                <textcolor>grey2</textcolor>
            </control>
            <control type="progress">
                <description>Progressbar</description>
                <left>330</left>
                <top>183</top>
                <width>1365</width>
                <height>21</height>
                <info>PVR.ActStreamProgrSignal</info>
            </control>
            <control type="label">
                <description>Signal value</description>
                <left>1800</left>
                <top>172</top>
                <width>270</width>
                <height>38</height>
                <label>$INFO[PVR.ActStreamSignal]</label>
                <align>left</align>
                <aligny>center</aligny>
                <font>font12</font>
                <textcolor>white</textcolor>
            </control>
            <control type="label">
                <description>SNR</description>
                <left>75</left>
                <top>210</top>
                <width>248</width>
                <height>38</height>
                <label>$LOCALIZE[19009]:</label>
                <align>left</align>
                <aligny>center</aligny>
                <font>font12</font>
                <textcolor>grey2</textcolor>
            </control>
            <control type="progress">
                <description>Progressbar</description>
                <left>330</left>
                <top>220</top>
                <width>1365</width>
                <height>21</height>
                <overlaytexture></overlaytexture>
                <info>PVR.ActStreamProgrSNR</info>
            </control>
            <control type="label">
                <description>SNR value</description>
                <left>1800</left>
                <top>210</top>
                <width>270</width>
                <height>38</height>
                <label>$INFO[PVR.ActStreamSNR]</label>
                <align>left</align>
                <aligny>center</aligny>
                <font>font12</font>
                <textcolor>white</textcolor>
            </control>
            <control type="label">
                <description>BER</description>
                <left>75</left>
                <top>248</top>
                <width>248</width>
                <height>38</height>
                <label>$LOCALIZE[19010]:</label>
                <align>left</align>
                <aligny>center</aligny>
                <font>font12</font>
                <textcolor>grey2</textcolor>
            </control>
            <control type="label">
                <description>BER value</description>
                <left>330</left>
                <top>248</top>
                <width>248</width>
                <height>38</height>
                <label>$INFO[PVR.ActStreamBER]</label>
                <align>left</align>
                <aligny>center</aligny>
                <font>font12</font>
                <textcolor>white</textcolor>
            </control>
            <control type="label">
                <description>UNC</description>
                <left>585</left>
                <top>248</top>
                <width>248</width>
                <height>38</height>
                <label>$LOCALIZE[19011]:</label>
                <align>left</align>
                <aligny>center</aligny>
                <font>font12</font>
                <textcolor>grey2</textcolor>
            </control>
            <control type="label">
                <description>UNC value</description>
                <left>840</left>
                <top>248</top>
                <width>248</width>
                <height>38</height>
                <label>$INFO[PVR.ActStreamUNC]</label>
                <align>left</align>
                <aligny>center</aligny>
                <font>font12</font>
                <textcolor>white</textcolor>
            </control>
            <control type="label">
                <description>Service</description>
                <left>1095</left>
                <top>248</top>
                <width>248</width>
                <height>38</height>
                <label>$LOCALIZE[19099]:</label>
                <align>left</align>
                <aligny>center</aligny>
                <font>font12</font>
                <textcolor>grey2</textcolor>
            </control>
            <control type="label">
                <description>Service value</description>
                <left>1350</left>
                <top>248</top>
                <width>495</width>
                <height>38</height>
                <label>$INFO[PVR.ActStreamServiceName]</label>
                <align>left</align>
                <aligny>center</aligny>
                <font>font12</font>
                <textcolor>white</textcolor>
            </control>
            <control type="label">
                <description>Encryption</description>
                <left>75</left>
                <top>285</top>
                <width>248</width>
                <height>38</height>
                <label>$LOCALIZE[19015]:</label>
                <align>left</align>
                <aligny>center</aligny>
                <font>font12</font>
                <textcolor>grey2</textcolor>
            </control>
            <control type="label">
                <description>Encryption value</description>
                <left>330</left>
                <top>285</top>
                <width>248</width>
                <height>38</height>
                <label>$INFO[PVR.ActStreamEncryptionName]</label>
                <align>left</align>
                <aligny>center</aligny>
                <font>font12</font>
                <textcolor>white</textcolor>
            </control>
            <control type="label">
                <description>Provider</description>
                <left>585</left>
                <top>285</top>
                <width>248</width>
                <height>38</height>
                <label>$LOCALIZE[19101]:</label>
                <align>left</align>
                <aligny>center</aligny>
                <font>font12</font>
                <textcolor>grey2</textcolor>
            </control>
            <control type="label">
                <description>Provider value</description>
                <left>840</left>
                <top>285</top>
                <width>248</width>
                <height>38</height>
                <label>$INFO[PVR.ActStreamProviderName]</label>
                <align>left</align>
                <aligny>center</aligny>
                <font>font12</font>
                <textcolor>white</textcolor>
            </control>
            <control type="label">
                <description>Mux</description>
                <left>1095</left>
                <top>285</top>
                <width>248</width>
                <height>38</height>
                <label>$LOCALIZE[19100]:</label>
                <align>left</align>
                <aligny>center</aligny>
                <font>font12</font>
                <textcolor>grey2</textcolor>
            </control>
            <control type="label">
                <description>Mux value</description>
                <left>1350</left>
                <top>285</top>
                <width>495</width>
                <height>38</height>
                <label>$INFO[PVR.ActStreamMux]</label>
                <align>left</align>
                <aligny>center</aligny>
                <font>font12</font>
                <textcolor>white</textcolor>
            </control>
        </control>
    </controls>
</window>
