<?xml version="1.0" encoding="UTF-8"?>
<includes>
    <include name="AddonInfoListView1">
        <control type="group">
            <visible>Control.IsVisible(550)</visible>
            <include>Animation.Common</include>
            <include content="NoFloorSlide">
                <param name="contentslide">60</param>
            </include>
            <control type="list" id="550">
                <left>82</left>
                <top>117</top>
                <width>938</width>
                <height>782</height>
                <onleft>2</onleft>
                <onright>60</onright>
                <onup>550</onup>
                <ondown>550</ondown>
                <viewtype label="$LOCALIZE[31033]">info</viewtype>
                <visible>Window.IsVisible(AddonBrowser) | Container.Content(Addons)</visible>
                <pagecontrol>60</pagecontrol>
                <scrolltime>200</scrolltime>
                <itemlayout height="60" width="938">
                    <control type="label">
                        <left>15</left>
                        <top>0</top>
                        <width>772</width>
                        <height>60</height>
                        <font>font13</font>
                        <textcolor>white</textcolor>
                        <selectedcolor>selected</selectedcolor>
                        <align>left</align>
                        <aligny>center</aligny>
                        <label>$INFO[ListItem.Label]</label>
                    </control>
                    <control type="label">
                        <left>82</left>
                        <top>0</top>
                        <width>750</width>
                        <height>60</height>
                        <font>font12</font>
                        <textcolor>white</textcolor>
                        <selectedcolor>selected</selectedcolor>
                        <align>right</align>
                        <aligny>center</aligny>
                        <label>$INFO[ListItem.Property(Addon.Status)]</label>
                    </control>
                </itemlayout>
                <focusedlayout height="60" width="938">
                    <control type="group">
                        <left>0</left>
                        <top>0</top>
                        <include content="SelectedSolidVar" condition="!Skin.HasSetting(UseOutline)">
                            <param name="width">922</param>
                            <param name="height">62</param>
                        </include>
                        <include content="SelectedOutlineVar" condition="Skin.HasSetting(UseOutline)">
                            <param name="width">922</param>
                            <param name="height">62</param>
                        </include>
                        <include content="UnselectFade">
                            <param name="id">550</param>
                        </include>
                    </control>
                    <control type="image">
                        <left>555</left>
                        <top>8</top>
                        <width>300</width>
                        <height>46</height>
                        <texture border="0,0,21,0">MediaItemDetailBG.png</texture>
                        <visible>Control.HasFocus(550) + !IsEmpty(ListItem.Property(Addon.Status))</visible>
                    </control>
                    <control type="label">
                        <left>15</left>
                        <top>0</top>
                        <width>780</width>
                        <height>60</height>
                        <font>font13</font>
                        <textcolor>white</textcolor>
                        <selectedcolor>selected</selectedcolor>
                        <align>left</align>
                        <aligny>center</aligny>
                        <label>$INFO[ListItem.Label]</label>
                    </control>
                    <control type="label">
                        <left>82</left>
                        <top>0</top>
                        <width>750</width>
                        <height>60</height>
                        <font>font12</font>
                        <textcolor>white</textcolor>
                        <selectedcolor>selected</selectedcolor>
                        <align>right</align>
                        <aligny>center</aligny>
                        <label>$INFO[ListItem.Property(Addon.Status)]</label>
                    </control>
                </focusedlayout>
            </control>
            <control type="scrollbar" id="60">
                <include content="ScrollBarPosition">
                    <param name="scrollbarslide">863</param>
                </include>
                <left>994</left>
                <top>88</top>
                <width>30</width>
                <height>844</height>
                <texturesliderbackground border="15">scrollbars/scrollbaruni-bg.png</texturesliderbackground>
                <texturesliderbar border="15">scrollbars/scrollbaruni-bar.png</texturesliderbar>
                <texturesliderbarfocus colordiffuse="$VAR[ColorHighlightVar]" border="15">scrollbars/scrollbaruni-bar-focus.png</texturesliderbarfocus>
                <textureslidernib>scrollbars/scrollbaruni-nib.png</textureslidernib>
                <textureslidernibfocus>scrollbars/scrollbaruni-nib.png</textureslidernibfocus>
                <onleft>550</onleft>
                <onright>2</onright>
                <showonepage>false</showonepage>
                <orientation>vertical</orientation>
                <visible>Control.IsVisible(550)</visible>
            </control>
            <control type="group">
                <left>1065</left>
                <top>120</top>
                <visible>Control.IsVisible(550)</visible>
                <control type="label">
                    <description>Show Title txt</description>
                    <left>0</left>
                    <top>0</top>
                    <width>765</width>
                    <height>22</height>
                    <label>$INFO[ListItem.Property(Addon.Name)]</label>
                    <align>center</align>
                    <aligny>center</aligny>
                    <font>font13_title</font>
                    <textcolor>white</textcolor>
                    <shadowcolor>black</shadowcolor>
                    <wrapmultiline>true</wrapmultiline>
                </control>
                <control type="image">
                    <left>15</left>
                    <top>45</top>
                    <width>735</width>
                    <height>360</height>
                    <aspectratio>keep</aspectratio>
                    <fadetime>200</fadetime>
                    <texture background="true">$INFO[ListItem.Icon]</texture>
                    <bordertexture border="12">ThumbShadow.png</bordertexture>
                    <bordersize>12</bordersize>
                </control>
                <control type="group">
                    <top>420</top>
                    <control type="label">
                        <description>Author txt</description>
                        <left>15</left>
                        <top>0</top>
                        <width>210</width>
                        <height>38</height>
                        <label>$LOCALIZE[21863]:</label>
                        <align>right</align>
                        <aligny>center</aligny>
                        <font>font13</font>
                        <textcolor>$VAR[ColorHighlightVar]</textcolor>
                    </control>
                    <control type="fadelabel">
                        <description>Author Value</description>
                        <left>240</left>
                        <top>0</top>
                        <width>525</width>
                        <height>38</height>
                        <label fallback="416">$INFO[ListItem.AddonCreator]</label>
                        <align>left</align>
                        <aligny>center</aligny>
                        <font>font13</font>
                        <scrollout>false</scrollout>
                        <pauseatend>1000</pauseatend>
                    </control>
                    <control type="label">
                        <description>Version txt</description>
                        <left>15</left>
                        <top>45</top>
                        <width>210</width>
                        <height>38</height>
                        <label>$LOCALIZE[24051]</label>
                        <align>right</align>
                        <aligny>center</aligny>
                        <font>font13</font>
                        <textcolor>$VAR[ColorHighlightVar]</textcolor>
                    </control>
                    <control type="label">
                        <description>Version Value</description>
                        <left>240</left>
                        <top>45</top>
                        <width>525</width>
                        <height>38</height>
                        <label fallback="416">$INFO[ListItem.AddonVersion]</label>
                        <align>left</align>
                        <aligny>center</aligny>
                        <font>font13</font>
                        <scroll>true</scroll>
                    </control>
                    <control type="image">
                        <left>0</left>
                        <top>90</top>
                        <width>735</width>
                        <height>6</height>
                        <texture>separator.png</texture>
                    </control>
                    <control type="textbox">
                        <description>Description</description>
                        <left>15</left>
                        <top>100</top>
                        <width>735</width>
                        <height>260</height>
                        <font>font13</font>
                        <align>left</align>
                        <textcolor>white</textcolor>
                        <label>$INFO[ListItem.AddonDescription]</label>
                        <autoscroll time="2000" delay="3000" repeat="5000">Skin.HasSetting(AutoScroll)</autoscroll>
                    </control>
                </control>
            </control>
        </control>
    </include>
    <include name="AddonInfoThumbView1">
        <control type="group">
            <visible>Control.IsVisible(551)</visible>
            <include>Animation.Common</include>
            <include content="NoFloorSlide">
                <param name="contentslide">60</param>
            </include>
            <control type="panel" id="551">
                <left>105</left>
                <top>117</top>
                <width>1160</width>
                <height>837</height>
                <onleft>2</onleft>
                <onright>60</onright>
                <onup>551</onup>
                <ondown>551</ondown>
                <viewtype label="$LOCALIZE[31033] 2">biginfo</viewtype>
                <visible>Window.IsVisible(AddonBrowser) | Container.Content(Addons)</visible>
                <pagecontrol>60</pagecontrol>
                <scrolltime>200</scrolltime>
                <itemlayout height="279" width="290">
                    <control type="image">
                        <left>1</left>
                        <top>0</top>
                        <width>286</width>
                        <height>240</height>
                        <bordersize>8</bordersize>
                        <texture background="true">$INFO[Listitem.Icon]</texture>
                        <aspectratio>keep</aspectratio>
                    </control>
                    <control type="image">
                        <left>1</left>
                        <top>0</top>
                        <width>286</width>
                        <height>240</height>
                        <bordersize>8</bordersize>
                        <colordiffuse>ff333333</colordiffuse>
                        <texture background="true">$INFO[Listitem.Icon]</texture>
                        <aspectratio>keep</aspectratio>
                        <visible>!IsEmpty(ListItem.Property(Addon.broken))</visible>
                    </control>
                    <control type="label">
                        <left>0</left>
                        <top>0</top>
                        <width>290</width>
                        <height>279</height>
                        <font>font13_title</font>
                        <textcolor>ffaa0000</textcolor>
                        <shadowcolor>black</shadowcolor>
                        <selectedcolor>red</selectedcolor>
                        <align>center</align>
                        <aligny>center</aligny>
                        <animation effect="rotate" start="0" end="45" center="auto" time="0" condition="true">Conditional</animation>
                        <label>24098</label>
                        <visible>!IsEmpty(ListItem.Property(Addon.broken))</visible>
                    </control>
                    <control type="label">
                        <left>1</left>
                        <top>240</top>
                        <width>286</width>
                        <height>38</height>
                        <font>font12</font>
                        <textcolor>white</textcolor>
                        <selectedcolor>selected</selectedcolor>
                        <align>center</align>
                        <aligny>center</aligny>
                        <info>ListItem.Label</info>
                    </control>
                </itemlayout>
                <focusedlayout height="279" width="290">
                    <control type="group">
                        <include content="SelectedSolidVar" condition="!Skin.HasSetting(UseOutline)">
                            <param name="width">286</param>
                            <param name="height">240</param>
                        </include>
                        <include content="SelectedOutlineVar" condition="Skin.HasSetting(UseOutline)">
                            <param name="width">286</param>
                            <param name="height">240</param>
                        </include>
                        <include content="UnselectFade">
                            <param name="id">551</param>
                        </include>
                    </control>
                    <control type="image">
                        <left>1</left>
                        <top>0</top>
                        <width>286</width>
                        <height>240</height>
                        <bordersize>8</bordersize>
                        <texture background="true">$INFO[Listitem.Icon]</texture>
                        <aspectratio>keep</aspectratio>
                    </control>
                    <control type="image">
                        <left>1</left>
                        <top>0</top>
                        <width>286</width>
                        <height>240</height>
                        <bordersize>8</bordersize>
                        <colordiffuse>ff333333</colordiffuse>
                        <texture background="true">$INFO[Listitem.Icon]</texture>
                        <aspectratio>keep</aspectratio>
                        <visible>!IsEmpty(ListItem.Property(Addon.broken))</visible>
                    </control>
                    <control type="label">
                        <left>0</left>
                        <top>0</top>
                        <width>290</width>
                        <height>279</height>
                        <font>font13_title</font>
                        <textcolor>ffaa0000</textcolor>
                        <shadowcolor>black</shadowcolor>
                        <selectedcolor>red</selectedcolor>
                        <align>center</align>
                        <aligny>center</aligny>
                        <animation effect="rotate" start="0" end="45" center="auto" time="0" condition="true">Conditional</animation>
                        <label>24098</label>
                        <visible>!IsEmpty(ListItem.Property(Addon.broken))</visible>
                    </control>
                    <control type="label">
                        <left>1</left>
                        <top>240</top>
                        <width>286</width>
                        <height>38</height>
                        <font>font12</font>
                        <textcolor>white</textcolor>
                        <selectedcolor>selected</selectedcolor>
                        <align>center</align>
                        <aligny>center</aligny>
                        <info>ListItem.Label</info>
                    </control>
                </focusedlayout>
            </control>
            <control type="scrollbar" id="60">
                <include content="ScrollBarPosition">
                    <param name="scrollbarslide">578</param>
                </include>
                <left>1280</left>
                <top>88</top>
                <width>30</width>
                <height>844</height>
                <texturesliderbackground border="15">scrollbars/scrollbaruni-bg.png</texturesliderbackground>
                <texturesliderbar border="15">scrollbars/scrollbaruni-bar.png</texturesliderbar>
                <texturesliderbarfocus colordiffuse="$VAR[ColorHighlightVar]" border="15">scrollbars/scrollbaruni-bar-focus.png</texturesliderbarfocus>
                <textureslidernib>scrollbars/scrollbaruni-nib.png</textureslidernib>
                <textureslidernibfocus>scrollbars/scrollbaruni-nib.png</textureslidernibfocus>
                <onleft>551</onleft>
                <onright>2</onright>
                <showonepage>false</showonepage>
                <orientation>vertical</orientation>
                <visible>Control.IsVisible(551)</visible>
            </control>
            <control type="group">
                <left>1365</left>
                <top>135</top>
                <visible>Control.IsVisible(551)</visible>
                <control type="label">
                    <description>Show Title txt</description>
                    <left>15</left>
                    <top>0</top>
                    <width>435</width>
                    <height>22</height>
                    <label>$INFO[ListItem.Property(Addon.Name)]</label>
                    <align>center</align>
                    <aligny>center</aligny>
                    <font>font13_title</font>
                    <textcolor>white</textcolor>
                    <shadowcolor>black</shadowcolor>
                    <wrapmultiline>true</wrapmultiline>
                </control>
                <control type="group">
                    <top>60</top>
                    <control type="label">
                        <description>Author txt</description>
                        <left>15</left>
                        <top>0</top>
                        <width>180</width>
                        <height>38</height>
                        <label>$LOCALIZE[21863]:</label>
                        <align>right</align>
                        <aligny>center</aligny>
                        <font>font13</font>
                        <textcolor>$VAR[ColorHighlightVar]</textcolor>
                    </control>
                    <control type="fadelabel">
                        <description>Author Value</description>
                        <left>210</left>
                        <top>0</top>
                        <width>232</width>
                        <height>38</height>
                        <label fallback="416">$INFO[ListItem.Property(Addon.Creator)]</label>
                        <align>left</align>
                        <aligny>center</aligny>
                        <font>font13</font>
                        <scrollout>false</scrollout>
                        <pauseatend>1000</pauseatend>
                    </control>
                    <control type="label">
                        <description>Version txt</description>
                        <left>15</left>
                        <top>45</top>
                        <width>180</width>
                        <height>38</height>
                        <label>$LOCALIZE[24051]</label>
                        <align>right</align>
                        <aligny>center</aligny>
                        <font>font13</font>
                        <textcolor>$VAR[ColorHighlightVar]</textcolor>
                    </control>
                    <control type="label">
                        <description>Version Value</description>
                        <left>210</left>
                        <top>45</top>
                        <width>232</width>
                        <height>38</height>
                        <label fallback="416">$INFO[ListItem.Property(Addon.Version)]</label>
                        <align>left</align>
                        <aligny>center</aligny>
                        <font>font13</font>
                        <scroll>true</scroll>
                    </control>
                    <control type="image">
                        <left>0</left>
                        <top>105</top>
                        <width>435</width>
                        <height>6</height>
                        <texture>separator.png</texture>
                    </control>
                    <control type="textbox">
                        <description>Description</description>
                        <left>15</left>
                        <top>116</top>
                        <width>435</width>
                        <height>664</height>
                        <font>font13</font>
                        <align>left</align>
                        <textcolor>white</textcolor>
                        <label>$INFO[ListItem.AddonDescription]</label>
                        <autoscroll time="2000" delay="3000" repeat="5000">Skin.HasSetting(AutoScroll)</autoscroll>
                    </control>
                </control>
            </control>
        </control>
    </include>
</includes>
