<?xml version="1.0" encoding="UTF-8" standalone="yes"?>
<addon id="script.module.tikiskins" name="Tiki Skins Module" provider-name="Tiki" version="1.0.01">
    <requires>
        <import addon="xbmc.python" version="2.19.0"/>
    </requires>
    <extension library="lib/default.py" point="xbmc.python.pluginsource">
        <provides>executable</provides>
    </extension>
    <extension library="lib" point="xbmc.python.module" />
    <extension point="xbmc.addon.metadata">
        <summary>Skins for Addons</summary>
        <description>Skins for Addons</description>
        <platform>all</platform>
        <license>GNU GENERAL PUBLIC LICENSE. Version 3, 29 June 2007</license>
        <assets>
            <icon>icon.png</icon>
            <fanart>fanart.png</fanart>
        </assets>
    </extension>
</addon>
