<?xml version="1.0" encoding="UTF-8"?>
<window>
    <defaultcontrol always="true">10</defaultcontrol>
    <animation type="WindowOpen" reversible="false">
        <effect type="fade" start="0" end="100" time="400" tween="sine" easing="in" />
        <effect type="zoom" start="0" end="100" time="400" center="auto" tween="quadratic" easing="out" />
    </animation>
    <controls>
        <control type="image">
            <width>1920</width>
            <height>1080</height>
            <texture>common/black.png</texture>
        </control>
        <control type="image">
            <width>1920</width>
            <height>1080</height>
            <texture>$INFO[Window().Property(tikiskins.extras.fanart)]</texture>
            <animation effect="fade" start="0" end="20" time="0" tween="sine">WindowOpen</animation>
        </control>
        <control type="group">
            <top>465</top>
            <animation effect="slide" reversible="true" start="0,0" end="0,-375" time="200" condition="Control.HasFocus(50)">conditional</animation>
            <animation effect="slide" reversible="true" start="0,0" end="0,-760" time="200" condition="Control.HasFocus(2050) | Control.HasFocus(3000)">conditional</animation>
            <animation effect="slide" reversible="true" start="0,0" end="0,-1220" time="200" condition="Control.HasFocus(2051) | Control.HasFocus(3001)">conditional</animation>
            <animation effect="slide" reversible="true" start="0,0" end="0,-1675" time="200" condition="Control.HasFocus(2052) | Control.HasFocus(3002)">conditional</animation>
            <animation effect="slide" reversible="true" start="0,0" end="0,-2135" time="200" condition="Control.HasFocus(2053) | Control.HasFocus(3003)">conditional</animation>
            <animation effect="slide" reversible="true" start="0,0" end="0,-2595" time="200" condition="Control.HasFocus(2054) | Control.HasFocus(3004)">conditional</animation>
            <animation effect="slide" reversible="true" start="0,0" end="0,-3055" time="200" condition="Control.HasFocus(2055) | Control.HasFocus(3005)">conditional</animation>
            <animation effect="slide" reversible="true" start="0,0" end="0,-3515" time="200" condition="Control.HasFocus(2056) | Control.HasFocus(3006)">conditional</animation>
            <animation effect="slide" reversible="true" start="0,0" end="0,-3975" time="200" condition="Control.HasFocus(2057) | Control.HasFocus(3007)">conditional</animation>
            <animation effect="slide" reversible="true" start="0,0" end="0,-4435" time="200" condition="Control.HasFocus(2058) | Control.HasFocus(3008)">conditional</animation>
            <animation effect="slide" reversible="true" start="0,0" end="0,-4895" time="200" condition="Control.HasFocus(2059) | Control.HasFocus(3009)">conditional</animation>
            <animation effect="slide" reversible="true" start="0,0" end="0,-5355" time="200" condition="Control.HasFocus(2060) | Control.HasFocus(3010)">conditional</animation>
            <!-- Buttons Row 1 -->
            <control type="group">
                <animation effect="fade" start="100" end="0" time="200" tween="sine" condition="Control.HasFocus(50)">conditional</animation>
                <control type="button" id="10">
                    <description>Extra Info</description>
                    <width>373</width>
                    <height>115</height>
                    <onleft>13</onleft>
                    <onright>11</onright>
                    <ondown>14</ondown>
                    <label>$ADDON[plugin.video.fen 32605]</label>
                    <font>font14</font>
                    <textcolor>FFB7B4BB</textcolor>
                    <focusedcolor>FF302F2F</focusedcolor>
                    <texturefocus colordiffuse="FFB7B4BB">common/button-base-fo.png</texturefocus>
                    <texturenofocus colordiffuse="FF302F2F">common/button-base.png</texturenofocus>
                    <align>center</align>
                </control>
                <control type="button" id="11">
                    <description>Play Trailer</description>
                    <left>300</left>
                    <width>373</width>
                    <height>115</height>
                    <onleft>10</onleft>
                    <onright>12</onright>
                    <ondown>15</ondown>
                    <label>$ADDON[plugin.video.fen 32606]</label>
                    <font>font14</font>
                    <textcolor>FFB7B4BB</textcolor>
                    <focusedcolor>FF302F2F</focusedcolor>
                    <texturefocus colordiffuse="FFB7B4BB">common/button-base-fo.png</texturefocus>
                    <texturenofocus colordiffuse="FF302F2F">common/button-base.png</texturenofocus>
                    <align>center</align>
                </control>
                <control type="button" id="12">
                    <description>Search Keywords</description>
                    <left>600</left>
                    <width>373</width>
                    <height>115</height>
                    <onleft>11</onleft>
                    <onright>13</onright>
                    <ondown>16</ondown>
                    <label>$ADDON[plugin.video.fen 32092]</label>
                    <font>font14</font>
                    <textcolor>FFB7B4BB</textcolor>
                    <focusedcolor>FF302F2F</focusedcolor>
                    <texturefocus colordiffuse="FFB7B4BB">common/button-base-fo.png</texturefocus>
                    <texturenofocus colordiffuse="FF302F2F">common/button-base.png</texturenofocus>
                    <align>center</align>
                </control>
                <control type="button" id="13">
                    <description>Browse Images</description>
                    <left>900</left>
                    <width>373</width>
                    <height>115</height>
                    <onleft>12</onleft>
                    <onright>10</onright>
                    <ondown condition="String.IsEqual(Window().Property(tikiskins.extras.db_type),movie)">17</ondown>
                    <ondown condition="!String.IsEqual(Window().Property(tikiskins.extras.db_type),movie)">16</ondown>
                    <label>$ADDON[plugin.video.fen 32988]</label>
                    <font>font14</font>
                    <textcolor>FFB7B4BB</textcolor>
                    <focusedcolor>FF302F2F</focusedcolor>
                    <texturefocus colordiffuse="FFB7B4BB">common/button-base-fo.png</texturefocus>
                    <texturenofocus colordiffuse="FF302F2F">common/button-base.png</texturenofocus>
                    <align>center</align>
                </control>
            </control>
            <!-- Buttons Row 2 -->
            <control type="group">
                <animation effect="fade" start="100" end="0" time="200" tween="sine" condition="Control.HasFocus(50)">conditional</animation>
                <top>80</top>
                <control type="button" id="14">
                    <description>Play</description>
                    <width>373</width>
                    <height>115</height>
                    <onleft>17</onleft>
                    <onright>15</onright>
                    <onup>10</onup>
                    <ondown>50</ondown>
                    <label>$ADDON[plugin.video.fen 32174]</label>
                    <font>font14</font>
                    <textcolor>FFB7B4BB</textcolor>
                    <focusedcolor>FF302F2F</focusedcolor>
                    <texturefocus colordiffuse="FFB7B4BB">common/button-base-fo.png</texturefocus>
                    <texturenofocus colordiffuse="FF302F2F">common/button-base.png</texturenofocus>
                    <align>center</align>
                    <visible>String.IsEqual(Window().Property(tikiskins.extras.db_type),movie)</visible>
                </control>
                <control type="button" id="14">
                    <description>Browse</description>
                    <width>373</width>
                    <height>115</height>
                    <onleft>17</onleft>
                    <onright>15</onright>
                    <onup>10</onup>
                    <ondown>50</ondown>
                    <label>$ADDON[plugin.video.fen 32838]</label>
                    <font>font14</font>
                    <textcolor>FFB7B4BB</textcolor>
                    <focusedcolor>FF302F2F</focusedcolor>
                    <texturefocus colordiffuse="FFB7B4BB">common/button-base-fo.png</texturefocus>
                    <texturenofocus colordiffuse="FF302F2F">common/button-base.png</texturenofocus>
                    <align>center</align>
                    <visible>!String.IsEqual(Window().Property(tikiskins.extras.db_type),movie)</visible>
                </control>
                <control type="button" id="15">
                    <description>Genres</description>
                    <left>300</left>
                    <width>373</width>
                    <height>115</height>
                    <onleft>14</onleft>
                    <onright>16</onright>
                    <onup>11</onup>
                    <ondown>50</ondown>
                    <label>$ADDON[plugin.video.fen 32470]</label>
                    <font>font14</font>
                    <textcolor>FFB7B4BB</textcolor>
                    <focusedcolor>FF302F2F</focusedcolor>
                    <texturefocus colordiffuse="FFB7B4BB">common/button-base-fo.png</texturefocus>
                    <texturenofocus colordiffuse="FF302F2F">common/button-base.png</texturenofocus>
                    <align>center</align>
                </control>
                <control type="button" id="16">
                    <description>Studio</description>
                    <left>600</left>
                    <width>373</width>
                    <height>115</height>
                    <onleft>15</onleft>
                    <onright>17</onright>
                    <onup>12</onup>
                    <ondown>50</ondown>
                    <label>$ADDON[plugin.video.fen 32615]</label>
                    <font>font14</font>
                    <textcolor>FFB7B4BB</textcolor>
                    <focusedcolor>FF302F2F</focusedcolor>
                    <texturefocus colordiffuse="FFB7B4BB">common/button-base-fo.png</texturefocus>
                    <texturenofocus colordiffuse="FF302F2F">common/button-base.png</texturenofocus>
                    <align>center</align>
                    <visible>String.IsEqual(Window().Property(tikiskins.extras.db_type),movie)</visible>
                </control>
                <control type="button" id="16">
                    <description>Networks</description>
                    <left>600</left>
                    <width>373</width>
                    <height>115</height>
                    <onleft>15</onleft>
                    <onright>14</onright>
                    <onup>12</onup>
                    <ondown>50</ondown>
                    <label>$ADDON[plugin.video.fen 32480]</label>
                    <font>font14</font>
                    <textcolor>FFB7B4BB</textcolor>
                    <focusedcolor>FF302F2F</focusedcolor>
                    <texturefocus colordiffuse="FFB7B4BB">common/button-base-fo.png</texturefocus>
                    <texturenofocus colordiffuse="FF302F2F">common/button-base.png</texturenofocus>
                    <align>center</align>
                    <visible>!String.IsEqual(Window().Property(tikiskins.extras.db_type),movie)</visible>
                </control>
                <control type="button" id="17">
                    <description>Director</description>
                    <left>900</left>
                    <width>373</width>
                    <height>115</height>
                    <onleft>16</onleft>
                    <onup>13</onup>
                    <onright>14</onright>
                    <ondown>50</ondown>
                    <label>$ADDON[plugin.video.fen 32627]</label>
                    <font>font14</font>
                    <textcolor>FFB7B4BB</textcolor>
                    <focusedcolor>FF302F2F</focusedcolor>
                    <texturefocus colordiffuse="FFB7B4BB">common/button-base-fo.png</texturefocus>
                    <texturenofocus colordiffuse="FF302F2F">common/button-base.png</texturenofocus>
                    <align>center</align>
                    <visible>String.IsEqual(Window().Property(tikiskins.extras.db_type),movie)</visible>
                </control>
            </control>
            <!-- Plot -->
            <control type="group">
                <animation effect="fade" start="100" end="0" time="200" tween="sine" condition="Control.HasFocus(2050) | Control.HasFocus(3000)">conditional</animation>
                <top>210</top>
                <left>50</left>
                <control type="label">
                    <width max="1160">auto</width>
                    <height>20</height>
                    <font>font14</font>
                    <textcolor>FFCCCCCC</textcolor>
                    <align>left</align>
                    <aligny>bottom</aligny>
                    <label>[B]$ADDON[plugin.video.fen 32842][/B]</label>
                </control>
                <control type="button" id="50">
                    <top>40</top>
                    <width>1180</width>
                    <height>300</height>
                    <onup>14</onup>
                    <ondown condition="!Integer.IsGreater(Container(2050).NumItems,0)">3000</ondown>
                    <ondown condition="Integer.IsGreater(Container(2050).NumItems,0)">2050</ondown>
                    <texturefocus colordiffuse="FFB7B4BB">common/white.png</texturefocus>
                    <texturenofocus colordiffuse="FF302F2F">common/white.png</texturenofocus>
                </control>
                <control type="textbox">
                    <top>55</top>
                    <left>15</left>
                    <width>1150</width>
                    <height>254</height>
                    <font>font1</font>
                    <align>left</align>
                    <aligny>top</aligny>
                    <textcolor>FFB7B4BB</textcolor>
                    <label>$INFO[Window().Property(tikiskins.extras.plot)]</label>
                    <visible>!Control.HasFocus(50)</visible>
                </control>
                <control type="textbox">
                    <top>55</top>
                    <left>15</left>
                    <width>1150</width>
                    <height>254</height>
                    <font>font1</font>
                    <align>left</align>
                    <aligny>top</aligny>
                    <textcolor>FF302F2F</textcolor>
                    <label>$INFO[Window().Property(tikiskins.extras.plot)]</label>
                    <autoscroll time="2000" delay="12000" repeat="5000">true</autoscroll>
                    <visible>Control.HasFocus(50)</visible>
                </control>
            </control>
            <!-- Cast -->
            <control type="group">
                <animation effect="fade" start="100" end="0" time="200" tween="sine" condition="Control.HasFocus(2051) | Control.HasFocus(3001)">conditional</animation>
                <left>50</left>
                <top>590</top>
                <control type="image">
                    <left>60</left>
                    <top>145</top>
                    <width>100</width>
                    <height>100</height>
                    <visible>String.IsEqual(Window().Property(tikiskins.extras.cast.number),)</visible>
                    <animation effect="fade" time="320" delay="400">Visible</animation>
                    <animation effect="rotate" end="-360" center="auto" time="2000" loop="true" reversible="false" condition="true">Conditional</animation>
                    <texture colordiffuse="FFFAFAFA">spinners/busy.png</texture>
                    <animation effect="fade" start="70" time="1200" condition="true" pulse="true">Conditional</animation>
                </control>
                <control type="button" id="3000">
                    <left>-100</left>
                    <width>1</width>
                    <height>1</height>
                    <onup>50</onup>
                    <ondown condition="!Integer.IsGreater(Container(2051).NumItems,0)">3001</ondown>
                    <ondown condition="Integer.IsGreater(Container(2051).NumItems,0)">2051</ondown>
                </control>
                <control type="label">
                    <width max="1160">auto</width>
                    <height>20</height>
                    <font>font14</font>
                    <textcolor>FFCCCCCC</textcolor>
                    <align>left</align>
                    <aligny>bottom</aligny>
                    <label>[B]$ADDON[plugin.video.fen 32664][/B] $INFO[Window().Property(tikiskins.extras.cast.number)]</label>
                </control>
                <control type="label">
                    <left>510</left>
                    <top>200</top>
                    <width max="1000">auto</width>
                    <height>20</height>
                    <font>font14</font>
                    <textcolor>FFB7B4BB</textcolor>
                    <align>left</align>
                    <aligny>top</aligny>
                    <label>$ADDON[plugin.video.fen 32760]</label>
                    <visible>String.IsEqual(Window().Property(tikiskins.extras.cast.number),(x00))</visible>
                </control>
                <control type="panel" id="2050">
                    <visible>Integer.IsGreater(Container(2050).NumItems,0)</visible>
                    <top>40</top>
                    <width>1180</width>
                    <height>360</height>
                    <onup>50</onup>
                    <ondown condition="!Integer.IsGreater(Container(2051).NumItems,0)">3001</ondown>
                    <ondown condition="Integer.IsGreater(Container(2051).NumItems,0)">2051</ondown>
                    <viewtype label="">list</viewtype>
                    <scrolltime>200</scrolltime>
                    <orientation>horizontal</orientation>
                    <itemlayout height="360" width="236">
                        <control type="image">
                            <left>6</left>
                            <top>6</top>
                            <width>224</width>
                            <aspectratio>scale</aspectratio>
                            <texture>$INFO[ListItem.Property(tikiskins.extras.cast.thumbnail)]</texture>
                        </control>
                        <control type="image">
                            <left>6</left>
                            <top>305</top>
                            <height>55</height>
                            <width>224</width>
                            <texture colordiffuse="FF302F2F">common/white.png</texture>
                        </control>
                        <control type="label">
                            <left>6</left>
                            <top>310</top>
                            <width>226</width>
                            <height>20</height>
                            <font>font10</font>
                            <align>center</align>
                            <aligny>center</aligny>
                            <textcolor>FFB7B4BB</textcolor>
                            <label>[B]$INFO[ListItem.Property(tikiskins.extras.cast.name)][/B]</label>
                        </control>
                        <control type="label">
                            <left>6</left>
                            <top>335</top>
                            <width>226</width>
                            <height>20</height>
                            <font>font10</font>
                            <align>center</align>
                            <aligny>center</aligny>
                            <textcolor>FFB7B4BB</textcolor>
                            <label>[I]as $INFO[ListItem.Property(tikiskins.extras.cast.role)][/I]</label>
                        </control>
                    </itemlayout>
                    <focusedlayout height="360" width="236">
                        <control type="image">
                            <width>236</width>
                            <height>360</height>
                            <texture colordiffuse="FFB7B4BB">common/white.png</texture>
                        </control>
                        <control type="image">
                            <left>6</left>
                            <top>6</top>
                            <width>224</width>
                            <aspectratio>scale</aspectratio>
                            <texture>$INFO[ListItem.Property(tikiskins.extras.cast.thumbnail)]</texture>
                        </control>
                        <control type="image">
                            <left>6</left>
                            <top>305</top>
                            <height>55</height>
                            <width>224</width>
                            <texture colordiffuse="FFB7B4BB">common/white.png</texture>
                        </control>
                        <control type="label">
                            <left>6</left>
                            <top>310</top>
                            <width>226</width>
                            <height>20</height>
                            <font>font10</font>
                            <align>center</align>
                            <aligny>center</aligny>
                            <textcolor>FF302F2F</textcolor>
                            <label>[B]$INFO[ListItem.Property(tikiskins.extras.cast.name)][/B]</label>
                        </control>
                        <control type="label">
                            <left>6</left>
                            <top>335</top>
                            <width>226</width>
                            <height>20</height>
                            <font>font10</font>
                            <align>center</align>
                            <aligny>center</aligny>
                            <textcolor>FF302F2F</textcolor>
                            <label>[I]as $INFO[ListItem.Property(tikiskins.extras.cast.role)][/I]</label>
                        </control>
                    </focusedlayout>
                </control>
            </control>
            <!-- Recommended -->
            <control type="group">
                <animation effect="fade" start="100" end="0" time="200" tween="sine" condition="Control.HasFocus(2052) | Control.HasFocus(3002)">conditional</animation>
                <left>50</left>
                <top>1050</top>
                <control type="image">
                    <left>60</left>
                    <top>145</top>
                    <width>100</width>
                    <height>100</height>
                    <visible>String.IsEqual(Window().Property(tikiskins.extras.recommended.number),)</visible>
                    <animation effect="fade" time="320" delay="400">Visible</animation>
                    <animation effect="rotate" end="-360" center="auto" time="2000" loop="true" reversible="false" condition="true">Conditional</animation>
                    <texture colordiffuse="FFFAFAFA">spinners/busy.png</texture>
                    <animation effect="fade" start="70" time="1200" condition="true" pulse="true">Conditional</animation>
                </control>
                <control type="button" id="3001">
                    <left>-100</left>
                    <width>1</width>
                    <height>1</height>
                    <width>373</width>
                    <height>115</height>
                    <onup condition="!Integer.IsGreater(Container(2050).NumItems,0)">3000</onup>
                    <onup condition="Integer.IsGreater(Container(2050).NumItems,0)">2050</onup>
                    <ondown condition="!Integer.IsGreater(Container(2052).NumItems,0)">3002</ondown>
                    <ondown condition="Integer.IsGreater(Container(2052).NumItems,0)">2052</ondown>
                    <texturefocus colordiffuse="FFB7B4BB">common/button-base-fo.png</texturefocus>
                </control>
                <control type="label">
                    <width max="1160">auto</width>
                    <height>20</height>
                    <font>font14</font>
                    <textcolor>FFCCCCCC</textcolor>
                    <align>left</align>
                    <aligny>bottom</aligny>
                    <label>[B]$ADDON[plugin.video.fen 32503][/B] $INFO[Window().Property(tikiskins.extras.recommended.number)]</label>
                </control>
                <control type="label">
                    <left>510</left>
                    <top>200</top>
                    <width max="1000">auto</width>
                    <height>20</height>
                    <font>font14</font>
                    <textcolor>FFB7B4BB</textcolor>
                    <align>left</align>
                    <aligny>top</aligny>
                    <label>$ADDON[plugin.video.fen 32760]</label>
                    <visible>String.IsEqual(Window().Property(tikiskins.extras.recommended.number),(x00))</visible>
                </control>
                <control type="panel" id="2051">
                    <visible>Integer.IsGreater(Container(2051).NumItems,0)</visible>
                    <top>40</top>
                    <width>1180</width>
                    <height>360</height>
                    <onup condition="!Integer.IsGreater(Container(2050).NumItems,0)">3000</onup>
                    <onup condition="Integer.IsGreater(Container(2050).NumItems,0)">2050</onup>
                    <ondown condition="!Integer.IsGreater(Container(2052).NumItems,0)">3002</ondown>
                    <ondown condition="Integer.IsGreater(Container(2052).NumItems,0)">2052</ondown>
                    <viewtype label="">list</viewtype>
                    <scrolltime>200</scrolltime>
                    <orientation>horizontal</orientation>
                    <itemlayout height="360" width="236">
                        <control type="image">
                            <left>6</left>
                            <top>6</top>
                            <width>224</width>
                            <height>348</height>
                            <aspectratio>scale</aspectratio>
                            <texture>$INFO[ListItem.Property(tikiskins.extras.recommended.thumbnail)]</texture>
                        </control>
                        <control type="image">
                            <left>6</left>
                            <top>320</top>
                            <height>40</height>
                            <width>224</width>
                            <texture colordiffuse="FF302F2F">common/white.png</texture>
                        </control>
                        <control type="label">
                            <left>6</left>
                            <top>330</top>
                            <width>226</width>
                            <height>20</height>
                            <font>font10</font>
                            <align>center</align>
                            <aligny>center</aligny>
                            <textcolor>FFB7B4BB</textcolor>
                            <label>$INFO[ListItem.Property(tikiskins.extras.recommended.name)]</label>
                        </control>
                    </itemlayout>
                    <focusedlayout height="360" width="236">
                        <control type="image">
                            <width>236</width>
                            <height>360</height>
                            <texture colordiffuse="FFB7B4BB">common/white.png</texture>
                        </control>
                        <control type="image">
                            <left>6</left>
                            <top>6</top>
                            <width>224</width>
                            <height>348</height>
                            <aspectratio>scale</aspectratio>
                            <texture>$INFO[ListItem.Property(tikiskins.extras.recommended.thumbnail)]</texture>
                        </control>
                        <control type="image">
                            <left>6</left>
                            <top>320</top>
                            <height>40</height>
                            <width>224</width>
                            <texture colordiffuse="FFB7B4BB">common/white.png</texture>
                        </control>
                        <control type="label">
                            <left>6</left>
                            <top>330</top>
                            <width>226</width>
                            <height>20</height>
                            <font>font10</font>
                            <align>center</align>
                            <aligny>center</aligny>
                            <textcolor>FF302F2F</textcolor>
                            <label>$INFO[ListItem.Property(tikiskins.extras.recommended.name)]</label>
                        </control>
                    </focusedlayout>
                </control>
            </control>
            <!-- IMDb Reviews -->
            <control type="group">
                <animation effect="fade" start="100" end="0" time="200" tween="sine" condition="Control.HasFocus(2053) | Control.HasFocus(3003)">conditional</animation>
                <left>50</left>
                <top>1510</top>
                <control type="image">
                    <left>60</left>
                    <top>145</top>
                    <width>100</width>
                    <height>100</height>
                    <visible>String.IsEqual(Window().Property(tikiskins.extras.imdb_reviews.number),)</visible>
                    <animation effect="fade" time="320" delay="400">Visible</animation>
                    <animation effect="rotate" end="-360" center="auto" time="2000" loop="true" reversible="false" condition="true">Conditional</animation>
                    <texture colordiffuse="FFFAFAFA">spinners/busy.png</texture>
                    <animation effect="fade" start="70" time="1200" condition="true" pulse="true">Conditional</animation>
                </control>
                <control type="button" id="3002">
                    <left>-100</left>
                    <width>1</width>
                    <height>1</height>
                    <onup condition="!Integer.IsGreater(Container(2051).NumItems,0)">3001</onup>
                    <onup condition="Integer.IsGreater(Container(2051).NumItems,0)">2051</onup>
                    <ondown condition="!Integer.IsGreater(Container(2053).NumItems,0)">3003</ondown>
                    <ondown condition="Integer.IsGreater(Container(2053).NumItems,0)">2053</ondown>
                </control>
                <control type="label">
                    <width max="1160">auto</width>
                    <height>20</height>
                    <font>font14</font>
                    <textcolor>FFCCCCCC</textcolor>
                    <align>left</align>
                    <aligny>bottom</aligny>
                    <label>[B]$ADDON[plugin.video.fen 32607][/B] $INFO[Window().Property(tikiskins.extras.imdb_reviews.number)]</label>
                </control>
                <control type="label">
                    <left>510</left>
                    <top>200</top>
                    <width max="1000">auto</width>
                    <height>20</height>
                    <font>font14</font>
                    <textcolor>FFB7B4BB</textcolor>
                    <align>left</align>
                    <aligny>top</aligny>
                    <label>$ADDON[plugin.video.fen 32760]</label>
                    <visible>String.IsEqual(Window().Property(tikiskins.extras.imdb_reviews.number),(x00))</visible>
                </control>
                <control type="panel" id="2052">
                    <visible>Integer.IsGreater(Container(2052).NumItems,0)</visible>
                    <top>40</top>
                    <width>1180</width>
                    <height>360</height>
                    <onup condition="!Integer.IsGreater(Container(2051).NumItems,0)">3001</onup>
                    <onup condition="Integer.IsGreater(Container(2051).NumItems,0)">2051</onup>
                    <ondown condition="!Integer.IsGreater(Container(2053).NumItems,0)">3003</ondown>
                    <ondown condition="Integer.IsGreater(Container(2053).NumItems,0)">2053</ondown>
                    <viewtype label="">list</viewtype>
                    <scrolltime>200</scrolltime>
                    <orientation>horizontal</orientation>
                    <itemlayout height="380" width="590">
                        <control type="image">
                            <height>380</height>
                            <width>570</width>
                            <texture colordiffuse="FF302F2F">common/white.png</texture>
                        </control>
                        <control type="textbox">
                            <top>15</top>
                            <left>15</left>
                            <width>540</width>
                            <height>308</height>
                            <font>font12</font>
                            <align>center</align>
                            <aligny>top</aligny>
                            <textcolor>FFB7B4BB</textcolor>
                            <label>$INFO[ListItem.Property(tikiskins.extras.imdb_reviews.text)]</label>
                        </control>
                    </itemlayout>
                    <focusedlayout height="380" width="590">
                        <control type="image">
                            <height>380</height>
                            <width>570</width>
                            <texture colordiffuse="FFB7B4BB">common/white.png</texture>
                        </control>
                        <control type="textbox">
                            <top>15</top>
                            <left>15</left>
                            <width>540</width>
                            <height>308</height>
                            <font>font12</font>
                            <align>center</align>
                            <aligny>top</aligny>
                            <textcolor>FF302F2F</textcolor>
                            <label>$INFO[ListItem.Property(tikiskins.extras.imdb_reviews.text)]</label>
                        </control>
                    </focusedlayout>
                </control>
            </control>
            <!-- IMDb Trivia -->
            <control type="group">
                <animation effect="fade" start="100" end="0" time="200" tween="sine" condition="Control.HasFocus(2054) | Control.HasFocus(3004)">conditional</animation>
                <left>50</left>
                <top>1970</top>
                <control type="image">
                    <left>60</left>
                    <top>145</top>
                    <width>100</width>
                    <height>100</height>
                    <visible>String.IsEqual(Window().Property(tikiskins.extras.imdb_trivia.number),)</visible>
                    <animation effect="fade" time="320" delay="400">Visible</animation>
                    <animation effect="rotate" end="-360" center="auto" time="2000" loop="true" reversible="false" condition="true">Conditional</animation>
                    <texture colordiffuse="FFFAFAFA">spinners/busy.png</texture>
                    <animation effect="fade" start="70" time="1200" condition="true" pulse="true">Conditional</animation>
                </control>
                <control type="button" id="3003">
                    <left>-100</left>
                    <width>1</width>
                    <height>1</height>
                    <onup condition="!Integer.IsGreater(Container(2052).NumItems,0)">3002</onup>
                    <onup condition="Integer.IsGreater(Container(2052).NumItems,0)">2052</onup>
                    <ondown condition="!Integer.IsGreater(Container(2054).NumItems,0)">3004</ondown>
                    <ondown condition="Integer.IsGreater(Container(2054).NumItems,0)">2054</ondown>
                </control>
                <control type="label">
                    <width max="1160">auto</width>
                    <height>20</height>
                    <font>font14</font>
                    <textcolor>FFCCCCCC</textcolor>
                    <align>left</align>
                    <aligny>bottom</aligny>
                    <label>[B]$ADDON[plugin.video.fen 32984][/B] $INFO[Window().Property(tikiskins.extras.imdb_trivia.number)]</label>
                </control>
                <control type="label">
                    <left>510</left>
                    <top>200</top>
                    <width max="1000">auto</width>
                    <height>20</height>
                    <font>font14</font>
                    <textcolor>FFB7B4BB</textcolor>
                    <align>left</align>
                    <aligny>top</aligny>
                    <label>$ADDON[plugin.video.fen 32760]</label>
                    <visible>String.IsEqual(Window().Property(tikiskins.extras.imdb_trivia.number),(x00))</visible>
                </control>
                <control type="panel" id="2053">
                    <visible>Integer.IsGreater(Container(2053).NumItems,0)</visible>
                    <top>40</top>
                    <width>1180</width>
                    <height>360</height>
                    <onup condition="!Integer.IsGreater(Container(2052).NumItems,0)">3002</onup>
                    <onup condition="Integer.IsGreater(Container(2052).NumItems,0)">2052</onup>
                    <ondown condition="!Integer.IsGreater(Container(2054).NumItems,0)">3004</ondown>
                    <ondown condition="Integer.IsGreater(Container(2054).NumItems,0)">2054</ondown>
                    <viewtype label="">list</viewtype>
                    <scrolltime>200</scrolltime>
                    <orientation>horizontal</orientation>
                    <itemlayout height="380" width="590">
                        <control type="image">
                            <height>380</height>
                            <width>570</width>
                            <texture colordiffuse="FF302F2F">common/white.png</texture>
                        </control>
                        <control type="textbox">
                            <top>15</top>
                            <left>15</left>
                            <width>540</width>
                            <height>308</height>
                            <font>font12</font>
                            <align>center</align>
                            <aligny>top</aligny>
                            <textcolor>FFB7B4BB</textcolor>
                            <label>$INFO[ListItem.Property(tikiskins.extras.imdb_trivia.text)]</label>
                        </control>
                    </itemlayout>
                    <focusedlayout height="380" width="590">
                        <control type="image">
                            <height>380</height>
                            <width>570</width>
                            <texture colordiffuse="FFB7B4BB">common/white.png</texture>
                        </control>
                        <control type="textbox">
                            <top>15</top>
                            <left>15</left>
                            <width>540</width>
                            <height>308</height>
                            <font>font12</font>
                            <align>center</align>
                            <aligny>top</aligny>
                            <textcolor>FF302F2F</textcolor>
                            <label>$INFO[ListItem.Property(tikiskins.extras.imdb_trivia.text)]</label>
                        </control>
                    </focusedlayout>
                </control>
            </control>
            <!-- IMDb Blunders -->
            <control type="group">
                <animation effect="fade" start="100" end="0" time="200" tween="sine" condition="Control.HasFocus(2055) | Control.HasFocus(3005)">conditional</animation>
                <left>50</left>
                <top>2430</top>
                <control type="image">
                    <left>60</left>
                    <top>145</top>
                    <width>100</width>
                    <height>100</height>
                    <visible>String.IsEqual(Window().Property(tikiskins.extras.imdb_blunders.number),)</visible>
                    <animation effect="fade" time="320" delay="400">Visible</animation>
                    <animation effect="rotate" end="-360" center="auto" time="2000" loop="true" reversible="false" condition="true">Conditional</animation>
                    <texture colordiffuse="FFFAFAFA">spinners/busy.png</texture>
                    <animation effect="fade" start="70" time="1200" condition="true" pulse="true">Conditional</animation>
                </control>
                <control type="button" id="3004">
                    <left>-100</left>
                    <width>1</width>
                    <height>1</height>
                    <onup condition="!Integer.IsGreater(Container(2053).NumItems,0)">3003</onup>
                    <onup condition="Integer.IsGreater(Container(2053).NumItems,0)">2053</onup>
                    <ondown condition="!Integer.IsGreater(Container(2055).NumItems,0)">3005</ondown>
                    <ondown condition="Integer.IsGreater(Container(2055).NumItems,0)">2055</ondown>
                </control>
                <control type="label">
                    <width max="1160">auto</width>
                    <height>20</height>
                    <font>font14</font>
                    <textcolor>FFCCCCCC</textcolor>
                    <align>left</align>
                    <aligny>bottom</aligny>
                    <label>[B]$ADDON[plugin.video.fen 32986][/B] $INFO[Window().Property(tikiskins.extras.imdb_blunders.number)]</label>
                </control>
                <control type="label">
                    <left>510</left>
                    <top>200</top>
                    <width max="1000">auto</width>
                    <height>20</height>
                    <font>font14</font>
                    <textcolor>FFB7B4BB</textcolor>
                    <align>left</align>
                    <aligny>top</aligny>
                    <label>$ADDON[plugin.video.fen 32760]</label>
                    <visible>String.IsEqual(Window().Property(tikiskins.extras.imdb_blunders.number),(x00))</visible>
                </control>
                <control type="panel" id="2054">
                    <visible>Integer.IsGreater(Container(2054).NumItems,0)</visible>
                    <top>40</top>
                    <width>1180</width>
                    <height>360</height>
                    <onup condition="!Integer.IsGreater(Container(2053).NumItems,0)">3003</onup>
                    <onup condition="Integer.IsGreater(Container(2053).NumItems,0)">2053</onup>
                    <ondown condition="!Integer.IsGreater(Container(2055).NumItems,0)">3005</ondown>
                    <ondown condition="Integer.IsGreater(Container(2055).NumItems,0)">2055</ondown>
                    <viewtype label="">list</viewtype>
                    <scrolltime>200</scrolltime>
                    <orientation>horizontal</orientation>
                    <itemlayout height="380" width="590">
                        <control type="image">
                            <height>380</height>
                            <width>570</width>
                            <texture colordiffuse="FF302F2F">common/white.png</texture>
                        </control>
                        <control type="textbox">
                            <top>15</top>
                            <left>15</left>
                            <width>540</width>
                            <height>308</height>
                            <font>font12</font>
                            <align>center</align>
                            <aligny>top</aligny>
                            <textcolor>FFB7B4BB</textcolor>
                            <label>$INFO[ListItem.Property(tikiskins.extras.imdb_blunders.text)]</label>
                        </control>
                    </itemlayout>
                    <focusedlayout height="380" width="590">
                        <control type="image">
                            <height>380</height>
                            <width>570</width>
                            <texture colordiffuse="FFB7B4BB">common/white.png</texture>
                        </control>
                        <control type="textbox">
                            <top>15</top>
                            <left>15</left>
                            <width>540</width>
                            <height>308</height>
                            <font>font12</font>
                            <align>center</align>
                            <aligny>top</aligny>
                            <textcolor>FF302F2F</textcolor>
                            <label>$INFO[ListItem.Property(tikiskins.extras.imdb_blunders.text)]</label>
                        </control>
                    </focusedlayout>
                </control>
            </control>
            <!-- IMDb Parents Guide -->
            <control type="group">
                <animation effect="fade" start="100" end="0" time="200" tween="sine" condition="Control.HasFocus(2056) | Control.HasFocus(3006)">conditional</animation>
                <left>50</left>
                <top>2890</top>
                <control type="image">
                    <left>60</left>
                    <top>145</top>
                    <width>100</width>
                    <height>100</height>
                    <visible>String.IsEqual(Window().Property(tikiskins.extras.imdb_parentsguide.number),)</visible>
                    <animation effect="fade" time="320" delay="400">Visible</animation>
                    <animation effect="rotate" end="-360" center="auto" time="2000" loop="true" reversible="false" condition="true">Conditional</animation>
                    <texture colordiffuse="FFFAFAFA">spinners/busy.png</texture>
                    <animation effect="fade" start="70" time="1200" condition="true" pulse="true">Conditional</animation>
                </control>
                <control type="button" id="3005">
                    <left>-100</left>
                    <width>1</width>
                    <height>1</height>
                    <onup condition="!Integer.IsGreater(Container(2054).NumItems,0)">3004</onup>
                    <onup condition="Integer.IsGreater(Container(2054).NumItems,0)">2054</onup>
                    <ondown condition="!Integer.IsGreater(Container(2056).NumItems,0)">3006</ondown>
                    <ondown condition="Integer.IsGreater(Container(2056).NumItems,0)">2056</ondown>
                </control>
                <control type="label">
                    <width max="1160">auto</width>
                    <height>20</height>
                    <font>font14</font>
                    <textcolor>FFCCCCCC</textcolor>
                    <align>left</align>
                    <aligny>bottom</aligny>
                    <label>[B]$ADDON[plugin.video.fen 32989][/B] $INFO[Window().Property(tikiskins.extras.imdb_parentsguide.number)]</label>
                </control>
                <control type="label">
                    <left>510</left>
                    <top>200</top>
                    <width max="1000">auto</width>
                    <height>20</height>
                    <font>font14</font>
                    <textcolor>FFB7B4BB</textcolor>
                    <align>left</align>
                    <aligny>top</aligny>
                    <label>$ADDON[plugin.video.fen 32760]</label>
                    <visible>String.IsEqual(Window().Property(tikiskins.extras.imdb_parentsguide.number),(x00))</visible>
                </control>
                <control type="panel" id="2055">
                    <visible>Integer.IsGreater(Container(2055).NumItems,0)</visible>
                    <top>40</top>
                    <width>1180</width>
                    <height>360</height>
                    <onup condition="!Integer.IsGreater(Container(2054).NumItems,0)">3004</onup>
                    <onup condition="Integer.IsGreater(Container(2054).NumItems,0)">2054</onup>
                    <ondown condition="!Integer.IsGreater(Container(2056).NumItems,0)">3006</ondown>
                    <ondown condition="Integer.IsGreater(Container(2056).NumItems,0)">2056</ondown>
                    <viewtype label="">list</viewtype>
                    <scrolltime>200</scrolltime>
                    <orientation>horizontal</orientation>
                    <itemlayout height="360" width="236">
                        <control type="image">
                            <height>360</height>
                            <width>230</width>
                            <texture colordiffuse="FF302F2F">common/white.png</texture>
                        </control>
                        <control type="image">
                            <left>6</left>
                            <top>40</top>
                            <width>224</width>
                            <height>320</height>
                            <aspectratio>scale</aspectratio>
                            <texture>$INFO[ListItem.Property(tikiskins.extras.imdb_parentsguide.thumbnail)]</texture>
                        </control>
                        <control type="textbox">
                            <left>6</left>
                            <top>6</top>
                            <width>224</width>
                            <height>75</height>
                            <font>font12</font>
                            <align>center</align>
                            <aligny>center</aligny>
                            <textcolor>FFB7B4BB</textcolor>
                            <label>$INFO[ListItem.Property(tikiskins.extras.imdb_parentsguide.name)]</label>
                        </control>
                        <control type="textbox">
                            <left>6</left>
                            <top>280</top>
                            <width>224</width>
                            <height>75</height>
                            <font>font12</font>
                            <align>center</align>
                            <aligny>center</aligny>
                            <textcolor>FFB7B4BB</textcolor>
                            <label>$INFO[ListItem.Property(tikiskins.extras.imdb_parentsguide.ranking)]</label>
                        </control>
                    </itemlayout>
                    <focusedlayout height="360" width="236">
                        <control type="image">
                            <width>230</width>
                            <height>360</height>
                            <texture colordiffuse="FFB7B4BB">common/white.png</texture>
                        </control>
                        <control type="image">
                            <left>6</left>
                            <top>40</top>
                            <width>224</width>
                            <height>320</height>
                            <aspectratio>scale</aspectratio>
                            <texture colordiffuse="FF302F2F">$INFO[ListItem.Property(tikiskins.extras.imdb_parentsguide.thumbnail)]</texture>
                        </control>
                        <control type="textbox">
                            <left>6</left>
                            <top>6</top>
                            <width>224</width>
                            <height>75</height>
                            <font>font12</font>
                            <align>center</align>
                            <aligny>center</aligny>
                            <textcolor>FF302F2F</textcolor>
                            <label>$INFO[ListItem.Property(tikiskins.extras.imdb_parentsguide.name)]</label>
                        </control>
                        <control type="textbox">
                            <left>6</left>
                            <top>280</top>
                            <width>224</width>
                            <height>75</height>
                            <font>font12</font>
                            <align>center</align>
                            <aligny>center</aligny>
                            <textcolor>FF302F2F</textcolor>
                            <label>$INFO[ListItem.Property(tikiskins.extras.imdb_parentsguide.ranking)]</label>
                        </control>
                    </focusedlayout>
                </control>
            </control>
            <!-- IMDb Videos -->
            <control type="group">
                <animation effect="fade" start="100" end="0" time="200" tween="sine" condition="Control.HasFocus(2057) | Control.HasFocus(3007)">conditional</animation>
                <left>50</left>
                <top>3350</top>
                <control type="image">
                    <left>60</left>
                    <top>145</top>
                    <width>100</width>
                    <height>100</height>
                    <visible>String.IsEqual(Window().Property(tikiskins.extras.imdb_videos.number),)</visible>
                    <animation effect="fade" time="320" delay="400">Visible</animation>
                    <animation effect="rotate" end="-360" center="auto" time="2000" loop="true" reversible="false" condition="true">Conditional</animation>
                    <texture colordiffuse="FFFAFAFA">spinners/busy.png</texture>
                    <animation effect="fade" start="70" time="1200" condition="true" pulse="true">Conditional</animation>
                </control>
                <control type="button" id="3006">
                    <left>-100</left>
                    <width>1</width>
                    <height>1</height>
                    <onup condition="!Integer.IsGreater(Container(2055).NumItems,0)">3005</onup>
                    <onup condition="Integer.IsGreater(Container(2055).NumItems,0)">2055</onup>
                    <ondown condition="!Integer.IsGreater(Container(2057).NumItems,0)">3007</ondown>
                    <ondown condition="Integer.IsGreater(Container(2057).NumItems,0)">2057</ondown>
                    <ondown>10</ondown>
                </control>
                <control type="label">
                    <width max="1160">auto</width>
                    <height>20</height>
                    <font>font14</font>
                    <textcolor>FFCCCCCC</textcolor>
                    <align>left</align>
                    <aligny>bottom</aligny>
                    <label>[B]$ADDON[plugin.video.fen 33032][/B] $INFO[Window().Property(tikiskins.extras.imdb_videos.number)]</label>
                </control>
                <control type="label">
                    <left>510</left>
                    <top>200</top>
                    <width max="1000">auto</width>
                    <height>20</height>
                    <font>font14</font>
                    <textcolor>FFB7B4BB</textcolor>
                    <align>left</align>
                    <aligny>top</aligny>
                    <label>$ADDON[plugin.video.fen 32760]</label>
                    <visible>String.IsEqual(Window().Property(tikiskins.extras.imdb_videos.number),(x00))</visible>
                </control>
                <control type="panel" id="2056">
                    <visible>Integer.IsGreater(Container(2056).NumItems,0)</visible>
                    <top>40</top>
                    <width>1180</width>
                    <height>360</height>
                    <onup condition="!Integer.IsGreater(Container(2055).NumItems,0)">3005</onup>
                    <onup condition="Integer.IsGreater(Container(2055).NumItems,0)">2055</onup>
                    <ondown condition="!Integer.IsGreater(Container(2057).NumItems,0)">3007</ondown>
                    <ondown condition="Integer.IsGreater(Container(2057).NumItems,0)">2057</ondown>
                    <ondown>10</ondown>
                    <viewtype label="">list</viewtype>
                    <scrolltime>200</scrolltime>
                    <orientation>horizontal</orientation>
                    <itemlayout height="360" width="392">
                        <control type="image">
                            <left>6</left>
                            <top>6</top>
                            <height>348</height>
                            <width>380</width>
                            <aspectratio>scale</aspectratio>
                            <texture>$INFO[ListItem.Property(tikiskins.extras.imdb_videos.thumbnail)]</texture>
                        </control>
                        <control type="image">
                            <left>6</left>
                            <top>280</top>
                            <height>80</height>
                            <width>380</width>
                            <texture colordiffuse="FF302F2F">common/white.png</texture>
                        </control>
                        <control type="textbox">
                            <left>6</left>
                            <top>280</top>
                            <width>380</width>
                            <height>75</height>
                            <font>font12</font>
                            <align>center</align>
                            <aligny>center</aligny>
                            <textcolor>FFB7B4BB</textcolor>
                            <label>$INFO[ListItem.Property(tikiskins.extras.imdb_videos.name)]</label>
                        </control>
                    </itemlayout>
                    <focusedlayout height="360" width="392">
                        <control type="image">
                            <width>392</width>
                            <height>360</height>
                            <texture colordiffuse="FFB7B4BB">common/white.png</texture>
                        </control>
                        <control type="image">
                            <left>6</left>
                            <top>6</top>
                            <height>348</height>
                            <width>380</width>
                            <aspectratio>scale</aspectratio>
                            <texture>$INFO[ListItem.Property(tikiskins.extras.imdb_videos.thumbnail)]</texture>
                        </control>
                        <control type="image">
                            <left>6</left>
                            <top>280</top>
                            <height>80</height>
                            <width>380</width>
                            <texture colordiffuse="FFB7B4BB">common/white.png</texture>
                        </control>
                        <control type="textbox">
                            <left>6</left>
                            <top>280</top>
                            <width>380</width>
                            <height>75</height>
                            <font>font12</font>
                            <align>center</align>
                            <aligny>center</aligny>
                            <textcolor>FF302F2F</textcolor>
                            <label>$INFO[ListItem.Property(tikiskins.extras.imdb_videos.name)]</label>
                        </control>
                    </focusedlayout>
                </control>
            </control>
            <!-- TMDb Artwork Posters -->
            <control type="group">
                <animation effect="fade" start="100" end="0" time="200" tween="sine" condition="Control.HasFocus(2058) | Control.HasFocus(3008)">conditional</animation>
                <left>50</left>
                <top>3810</top>
                <control type="image">
                    <left>60</left>
                    <top>145</top>
                    <width>100</width>
                    <height>100</height>
                    <visible>String.IsEqual(Window().Property(tikiskins.extras.tmdb_artwork.posters.number),)</visible>
                    <animation effect="fade" time="320" delay="400">Visible</animation>
                    <animation effect="rotate" end="-360" center="auto" time="2000" loop="true" reversible="false" condition="true">Conditional</animation>
                    <texture colordiffuse="FFFAFAFA">spinners/busy.png</texture>
                    <animation effect="fade" start="70" time="1200" condition="true" pulse="true">Conditional</animation>
                </control>
                <control type="button" id="3007">
                    <left>-100</left>
                    <width>1</width>
                    <height>1</height>
                    <onup condition="!Integer.IsGreater(Container(2056).NumItems,0)">3006</onup>
                    <onup condition="Integer.IsGreater(Container(2056).NumItems,0)">2056</onup>
                    <ondown condition="!Integer.IsGreater(Container(2058).NumItems,0)">3008</ondown>
                    <ondown condition="Integer.IsGreater(Container(2058).NumItems,0)">2058</ondown>
                    <ondown>10</ondown>
                </control>
                <control type="label">
                    <width max="1160">auto</width>
                    <height>20</height>
                    <font>font14</font>
                    <textcolor>FFCCCCCC</textcolor>
                    <align>left</align>
                    <aligny>bottom</aligny>
                    <label>[B]$ADDON[plugin.video.fen 32616][/B] $INFO[Window().Property(tikiskins.extras.tmdb_artwork.posters.number)]</label>
                </control>
                <control type="label">
                    <left>510</left>
                    <top>200</top>
                    <width max="1000">auto</width>
                    <height>20</height>
                    <font>font14</font>
                    <textcolor>FFB7B4BB</textcolor>
                    <align>left</align>
                    <aligny>top</aligny>
                    <label>$ADDON[plugin.video.fen 32760]</label>
                    <visible>String.IsEqual(Window().Property(tikiskins.extras.tmdb_artwork.posters.number),(x00))</visible>
                </control>
                <control type="panel" id="2057">
                    <visible>Integer.IsGreater(Container(2057).NumItems,0)</visible>
                    <top>40</top>
                    <width>1180</width>
                    <height>360</height>
                    <onup condition="!Integer.IsGreater(Container(2056).NumItems,0)">3006</onup>
                    <onup condition="Integer.IsGreater(Container(2056).NumItems,0)">2056</onup>
                    <ondown condition="!Integer.IsGreater(Container(2058).NumItems,0)">3008</ondown>
                    <ondown condition="Integer.IsGreater(Container(2058).NumItems,0)">2058</ondown>
                    <viewtype label="">list</viewtype>
                    <scrolltime>200</scrolltime>
                    <orientation>horizontal</orientation>
                    <itemlayout height="360" width="236">
                        <control type="image">
                            <left>6</left>
                            <top>6</top>
                            <width>224</width>
                            <height>348</height>
                            <aspectratio>scale</aspectratio>
                            <texture>$INFO[ListItem.Property(tikiskins.extras.tmdb_artwork.posters.thumbnail)]</texture>
                        </control>
                        <control type="image">
                            <left>6</left>
                            <top>320</top>
                            <height>40</height>
                            <width>224</width>
                            <texture colordiffuse="FF302F2F">common/white.png</texture>
                        </control>
                        <control type="label">
                            <left>6</left>
                            <top>330</top>
                            <width>226</width>
                            <height>20</height>
                            <font>font10</font>
                            <align>center</align>
                            <aligny>center</aligny>
                            <textcolor>FFB7B4BB</textcolor>
                            <label>$INFO[ListItem.Property(tikiskins.extras.tmdb_artwork.posters.name)]</label>
                        </control>
                    </itemlayout>
                    <focusedlayout height="360" width="236">
                        <control type="image">
                            <width>236</width>
                            <height>360</height>
                            <texture colordiffuse="FFB7B4BB">common/white.png</texture>
                        </control>
                        <control type="image">
                            <left>6</left>
                            <top>6</top>
                            <width>224</width>
                            <height>348</height>
                            <aspectratio>scale</aspectratio>
                            <texture>$INFO[ListItem.Property(tikiskins.extras.tmdb_artwork.posters.thumbnail)]</texture>
                        </control>
                        <control type="image">
                            <left>6</left>
                            <top>320</top>
                            <height>40</height>
                            <width>224</width>
                            <texture colordiffuse="FFB7B4BB">common/white.png</texture>
                        </control>
                        <control type="label">
                            <left>6</left>
                            <top>330</top>
                            <width>226</width>
                            <height>20</height>
                            <font>font10</font>
                            <align>center</align>
                            <aligny>center</aligny>
                            <textcolor>FF302F2F</textcolor>
                            <label>$INFO[ListItem.Property(tikiskins.extras.tmdb_artwork.posters.name)]</label>
                        </control>
                    </focusedlayout>
                </control>
            </control>
            <!-- TMDb Artwork Backdrops -->
            <control type="group">
                <animation effect="fade" start="100" end="0" time="200" tween="sine" condition="Control.HasFocus(2059) | Control.HasFocus(3009)">conditional</animation>
                <left>50</left>
                <top>4270</top>
                <control type="image">
                    <left>60</left>
                    <top>145</top>
                    <width>100</width>
                    <height>100</height>
                    <visible>String.IsEqual(Window().Property(tikiskins.extras.tmdb_artwork.backdrops.number),)</visible>
                    <animation effect="fade" time="320" delay="400">Visible</animation>
                    <animation effect="rotate" end="-360" center="auto" time="2000" loop="true" reversible="false" condition="true">Conditional</animation>
                    <texture colordiffuse="FFFAFAFA">spinners/busy.png</texture>
                    <animation effect="fade" start="70" time="1200" condition="true" pulse="true">Conditional</animation>
                </control>
                <control type="button" id="3008">
                    <left>-100</left>
                    <width>1</width>
                    <height>1</height>
                    <onup condition="!Integer.IsGreater(Container(2057).NumItems,0)">3007</onup>
                    <onup condition="Integer.IsGreater(Container(2057).NumItems,0)">2057</onup>
                    <ondown condition="!Integer.IsGreater(Container(2059).NumItems,0)">3009</ondown>
                    <ondown condition="Integer.IsGreater(Container(2059).NumItems,0)">2059</ondown>
                    <ondown>10</ondown>
                </control>
                <control type="label">
                    <width max="1160">auto</width>
                    <height>20</height>
                    <font>font14</font>
                    <textcolor>FFCCCCCC</textcolor>
                    <align>left</align>
                    <aligny>bottom</aligny>
                    <label>[B]$ADDON[plugin.video.fen 32617][/B] $INFO[Window().Property(tikiskins.extras.tmdb_artwork.backdrops.number)]</label>
                </control>
                <control type="label">
                    <left>510</left>
                    <top>200</top>
                    <width max="1000">auto</width>
                    <height>20</height>
                    <font>font14</font>
                    <textcolor>FFB7B4BB</textcolor>
                    <align>left</align>
                    <aligny>top</aligny>
                    <label>$ADDON[plugin.video.fen 32760]</label>
                    <visible>String.IsEqual(Window().Property(tikiskins.extras.tmdb_artwork.backdrops.number),(x00))</visible>
                </control>
                <control type="panel" id="2058">
                    <visible>Integer.IsGreater(Container(2058).NumItems,0)</visible>
                    <top>40</top>
                    <width>1180</width>
                    <height>360</height>
                    <onup condition="!Integer.IsGreater(Container(2057).NumItems,0)">3007</onup>
                    <onup condition="Integer.IsGreater(Container(2057).NumItems,0)">2057</onup>
                    <ondown condition="!Integer.IsGreater(Container(2059).NumItems,0)">3009</ondown>
                    <ondown condition="Integer.IsGreater(Container(2059).NumItems,0)">2059</ondown>
                    <ondown>10</ondown>
                    <viewtype label="">list</viewtype>
                    <scrolltime>200</scrolltime>
                    <orientation>horizontal</orientation>
                    <itemlayout height="380" width="590">
                        <control type="image">
                            <left>6</left>
                            <top>6</top>
                            <height>368</height>
                            <width>578</width>
                            <aspectratio>scale</aspectratio>
                            <texture>$INFO[ListItem.Property(tikiskins.extras.tmdb_artwork.backdrops.thumbnail)]</texture>
                        </control>
                        <control type="image">
                            <top>320</top>
                            <height>60</height>
                            <width>590</width>
                            <texture colordiffuse="FF302F2F">common/white.png</texture>
                        </control>
                        <control type="label">
                            <left>6</left>
                            <top>330</top>
                            <width>578</width>
                            <height>20</height>
                            <font>font10</font>
                            <align>center</align>
                            <aligny>center</aligny>
                            <textcolor>FFB7B4BB</textcolor>
                            <label>$INFO[ListItem.Property(tikiskins.extras.tmdb_artwork.backdrops.name)]</label>
                        </control>
                    </itemlayout>
                    <focusedlayout height="380" width="590">
                        <control type="image">
                            <width>590</width>
                            <height>380</height>
                            <texture colordiffuse="FFB7B4BB">common/white.png</texture>
                        </control>
                        <control type="image">
                            <left>6</left>
                            <top>6</top>
                            <height>368</height>
                            <width>578</width>
                            <aspectratio>scale</aspectratio>
                            <texture>$INFO[ListItem.Property(tikiskins.extras.tmdb_artwork.backdrops.thumbnail)]</texture>
                        </control>
                        <control type="image">
                            <top>320</top>
                            <height>60</height>
                            <width>590</width>
                            <texture colordiffuse="FFB7B4BB">common/white.png</texture>
                        </control>
                        <control type="label">
                            <left>6</left>
                            <top>330</top>
                            <width>578</width>
                            <height>20</height>
                            <font>font10</font>
                            <align>center</align>
                            <aligny>center</aligny>
                            <textcolor>FF302F2F</textcolor>
                            <label>$INFO[ListItem.Property(tikiskins.extras.tmdb_artwork.backdrops.name)]</label>
                        </control>
                    </focusedlayout>
                </control>
            </control>
            <!-- More From Year -->
            <control type="group">
                <animation effect="fade" start="100" end="0" time="200" tween="sine" condition="Control.HasFocus(2060) | Control.HasFocus(3010)">conditional</animation>
                <left>50</left>
                <top>4730</top>
                <control type="image">
                    <left>60</left>
                    <top>145</top>
                    <width>100</width>
                    <height>100</height>
                    <visible>String.IsEqual(Window().Property(tikiskins.extras.more_from_year.number),)</visible>
                    <animation effect="fade" time="320" delay="400">Visible</animation>
                    <animation effect="rotate" end="-360" center="auto" time="2000" loop="true" reversible="false" condition="true">Conditional</animation>
                    <texture colordiffuse="FFFAFAFA">spinners/busy.png</texture>
                    <animation effect="fade" start="70" time="1200" condition="true" pulse="true">Conditional</animation>
                </control>
                <control type="button" id="3009">
                    <left>-100</left>
                    <width>1</width>
                    <height>1</height>
                    <width>373</width>
                    <height>115</height>
                    <onup condition="!Integer.IsGreater(Container(2058).NumItems,0)">3008</onup>
                    <onup condition="Integer.IsGreater(Container(2058).NumItems,0)">2058</onup>
                    <ondown condition="!Integer.IsGreater(Container(2060).NumItems,0)">3010</ondown>
                    <ondown condition="Integer.IsGreater(Container(2060).NumItems,0)">2060</ondown>
                    <texturefocus colordiffuse="FFB7B4BB">common/button-base-fo.png</texturefocus>
                </control>
                <control type="label">
                    <left>510</left>
                    <top>200</top>
                    <width max="1000">auto</width>
                    <height>20</height>
                    <font>font14</font>
                    <textcolor>FFB7B4BB</textcolor>
                    <align>left</align>
                    <aligny>top</aligny>
                    <label>$ADDON[plugin.video.fen 32760]</label>
                    <visible>String.IsEqual(Window().Property(tikiskins.extras.more_from_year.number),(x00))</visible>
                </control>
                <control type="label">
                    <width max="1160">auto</width>
                    <height>20</height>
                    <font>font14</font>
                    <textcolor>FFCCCCCC</textcolor>
                    <align>left</align>
                    <aligny>bottom</aligny>
                    <label>[B]$ADDON[plugin.video.fen 32612] $INFO[Window().Property(tikiskins.extras.year)][/B] $INFO[Window().Property(tikiskins.extras.more_from_year.number)]</label>
                </control>
                <control type="panel" id="2059">
                    <visible>Integer.IsGreater(Container(2059).NumItems,0)</visible>
                    <top>40</top>
                    <width>1180</width>
                    <height>360</height>
                    <onup condition="!Integer.IsGreater(Container(2058).NumItems,0)">3008</onup>
                    <onup condition="Integer.IsGreater(Container(2058).NumItems,0)">2058</onup>
                    <ondown condition="!Integer.IsGreater(Container(2060).NumItems,0)">3010</ondown>
                    <ondown condition="Integer.IsGreater(Container(2060).NumItems,0)">2060</ondown>
                    <viewtype label="">list</viewtype>
                    <scrolltime>200</scrolltime>
                    <orientation>horizontal</orientation>
                    <itemlayout height="360" width="236">
                        <control type="image">
                            <left>6</left>
                            <top>6</top>
                            <width>224</width>
                            <height>348</height>
                            <aspectratio>scale</aspectratio>
                            <texture>$INFO[ListItem.Property(tikiskins.extras.more_from_year.thumbnail)]</texture>
                        </control>
                        <control type="image">
                            <left>6</left>
                            <top>320</top>
                            <height>40</height>
                            <width>224</width>
                            <texture colordiffuse="FF302F2F">common/white.png</texture>
                        </control>
                        <control type="label">
                            <left>6</left>
                            <top>330</top>
                            <width>226</width>
                            <height>20</height>
                            <font>font10</font>
                            <align>center</align>
                            <aligny>center</aligny>
                            <textcolor>FFB7B4BB</textcolor>
                            <label>$INFO[ListItem.Property(tikiskins.extras.more_from_year.name)]</label>
                        </control>
                    </itemlayout>
                    <focusedlayout height="360" width="236">
                        <control type="image">
                            <width>236</width>
                            <height>360</height>
                            <texture colordiffuse="FFB7B4BB">common/white.png</texture>
                        </control>
                        <control type="image">
                            <left>6</left>
                            <top>6</top>
                            <width>224</width>
                            <height>348</height>
                            <aspectratio>scale</aspectratio>
                            <texture>$INFO[ListItem.Property(tikiskins.extras.more_from_year.thumbnail)]</texture>
                        </control>
                        <control type="image">
                            <left>6</left>
                            <top>320</top>
                            <height>40</height>
                            <width>224</width>
                            <texture colordiffuse="FFB7B4BB">common/white.png</texture>
                        </control>
                        <control type="label">
                            <left>6</left>
                            <top>330</top>
                            <width>226</width>
                            <height>20</height>
                            <font>font10</font>
                            <align>center</align>
                            <aligny>center</aligny>
                            <textcolor>FF302F2F</textcolor>
                            <label>$INFO[ListItem.Property(tikiskins.extras.more_from_year.name)]</label>
                        </control>
                    </focusedlayout>
                </control>
            </control>
            <!-- More From Genres -->
            <control type="group">
                <left>50</left>
                <top>5190</top>
                <control type="image">
                    <left>60</left>
                    <top>145</top>
                    <width>100</width>
                    <height>100</height>
                    <visible>String.IsEqual(Window().Property(tikiskins.extras.more_from_genres.number),)</visible>
                    <animation effect="fade" time="320" delay="400">Visible</animation>
                    <animation effect="rotate" end="-360" center="auto" time="2000" loop="true" reversible="false" condition="true">Conditional</animation>
                    <texture colordiffuse="FFFAFAFA">spinners/busy.png</texture>
                    <animation effect="fade" start="70" time="1200" condition="true" pulse="true">Conditional</animation>
                </control>
                <control type="button" id="3010">
                    <left>-100</left>
                    <width>1</width>
                    <height>1</height>
                    <width>373</width>
                    <height>115</height>
                    <onup condition="!Integer.IsGreater(Container(2059).NumItems,0)">3009</onup>
                    <onup condition="Integer.IsGreater(Container(2059).NumItems,0)">2059</onup>
                    <ondown>10</ondown>
                    <texturefocus colordiffuse="FFB7B4BB">common/button-base-fo.png</texturefocus>
                </control>
                <control type="label">
                    <left>510</left>
                    <top>200</top>
                    <width max="1000">auto</width>
                    <height>20</height>
                    <font>font14</font>
                    <textcolor>FFB7B4BB</textcolor>
                    <align>left</align>
                    <aligny>top</aligny>
                    <label>$ADDON[plugin.video.fen 32760]</label>
                    <visible>String.IsEqual(Window().Property(tikiskins.extras.more_from_genres.number),(x00))</visible>
                </control>
                <control type="label">
                    <width max="1160">auto</width>
                    <height>20</height>
                    <font>font14</font>
                    <textcolor>FFCCCCCC</textcolor>
                    <align>left</align>
                    <aligny>bottom</aligny>
                    <label>[B]$ADDON[plugin.video.fen 32612] $INFO[Window().Property(tikiskins.extras.genre)][/B] $INFO[Window().Property(tikiskins.extras.more_from_genres.number)]</label>
                </control>
                <control type="panel" id="2060">
                    <visible>Integer.IsGreater(Container(2060).NumItems,0)</visible>
                    <top>40</top>
                    <width>1180</width>
                    <height>360</height>
                    <onup condition="!Integer.IsGreater(Container(2059).NumItems,0)">3009</onup>
                    <onup condition="Integer.IsGreater(Container(2059).NumItems,0)">2059</onup>
                    <ondown>10</ondown>
                    <viewtype label="">list</viewtype>
                    <scrolltime>200</scrolltime>
                    <orientation>horizontal</orientation>
                    <itemlayout height="360" width="236">
                        <control type="image">
                            <left>6</left>
                            <top>6</top>
                            <width>224</width>
                            <height>348</height>
                            <aspectratio>scale</aspectratio>
                            <texture>$INFO[ListItem.Property(tikiskins.extras.more_from_genres.thumbnail)]</texture>
                        </control>
                        <control type="image">
                            <left>6</left>
                            <top>320</top>
                            <height>40</height>
                            <width>224</width>
                            <texture colordiffuse="FF302F2F">common/white.png</texture>
                        </control>
                        <control type="label">
                            <left>6</left>
                            <top>330</top>
                            <width>226</width>
                            <height>20</height>
                            <font>font10</font>
                            <align>center</align>
                            <aligny>center</aligny>
                            <textcolor>FFB7B4BB</textcolor>
                            <label>$INFO[ListItem.Property(tikiskins.extras.more_from_genres.name)]</label>
                        </control>
                    </itemlayout>
                    <focusedlayout height="360" width="236">
                        <control type="image">
                            <width>236</width>
                            <height>360</height>
                            <texture colordiffuse="FFB7B4BB">common/white.png</texture>
                        </control>
                        <control type="image">
                            <left>6</left>
                            <top>6</top>
                            <width>224</width>
                            <height>348</height>
                            <aspectratio>scale</aspectratio>
                            <texture>$INFO[ListItem.Property(tikiskins.extras.more_from_genres.thumbnail)]</texture>
                        </control>
                        <control type="image">
                            <left>6</left>
                            <top>320</top>
                            <height>40</height>
                            <width>224</width>
                            <texture colordiffuse="FFB7B4BB">common/white.png</texture>
                        </control>
                        <control type="label">
                            <left>6</left>
                            <top>330</top>
                            <width>226</width>
                            <height>20</height>
                            <font>font10</font>
                            <align>center</align>
                            <aligny>center</aligny>
                            <textcolor>FF302F2F</textcolor>
                            <label>$INFO[ListItem.Property(tikiskins.extras.more_from_genres.name)]</label>
                        </control>
                    </focusedlayout>
                </control>
            </control>
        </control>
        <control type="image">
            <left>20</left>
            <top>20</top>
            <width>60</width>
            <height>60</height>
            <aspectratio aligny="top">keep</aspectratio>
            <texture>common/fen.png</texture>
        </control>
        <control type="image">
            <left>1250</left>
            <top>100</top>
            <width>630</width>
            <aspectratio aligny="top">keep</aspectratio>
            <texture background="true">$INFO[Window().Property(tikiskins.extras.poster)]</texture>
        </control>
        <control type="image">
            <aspectratio align="center" aligny="center">keep</aspectratio>
            <top>20</top>
            <left>50</left>
            <height>25%</height>
            <width max="1150">auto</width>
            <align>bottom</align>
            <texture background="true">$INFO[Window().Property(tikiskins.extras.clearlogo)]</texture>
            <visible>!String.IsEmpty(Window().Property(tikiskins.extras.clearlogo))</visible>
        </control>
        <control type="label">
            <top>150</top>
            <left>50</left>
            <width max="1150">auto</width>
            <height>30</height>
            <font>font60</font>
            <textcolor>FFCCCCCC</textcolor>
            <align>center</align>
            <aligny>bottom</aligny>
            <label>[B]$INFO[Window().Property(tikiskins.extras.title)][/B]</label>
            <visible>String.IsEmpty(Window().Property(tikiskins.extras.clearlogo))</visible>
        </control>
        <control type="group">
            <animation effect="fade" start="100" end="0" time="200" tween="sine" condition="!Control.HasFocus(10) + !Control.HasFocus(11) + !Control.HasFocus(12) + !Control.HasFocus(13) + !Control.HasFocus(14) + !Control.HasFocus(15) + !Control.HasFocus(16) + !Control.HasFocus(17)">conditional</animation>
            <top>295</top>
            <left>50</left>
            <control type="label">
                <width max="1150">auto</width>
                <height>25</height>
                <font>font14</font>
                <textcolor>FFB7B4BB</textcolor>
                <align>center</align>
                <label>[I]$INFO[Window().Property(tikiskins.extras.genre)][/I]</label>
            </control>
            <control type="grouplist">
                <top>55</top>
                <itemgap>0</itemgap>
                <align>center</align>
                <orientation>horizontal</orientation>
                <width max="1150">auto</width>
                <control type="label">
                    <width min="29" max="200">auto</width>
                    <height>25</height>
                    <font>font14</font>
                    <label>$INFO[Window().Property(tikiskins.extras.year),,  •  ]</label>
                    <visible>!String.IsEmpty(Window().Property(tikiskins.extras.year))</visible>
                </control>
                <control type="label">
                    <width min="29" max="200">auto</width>
                    <height>25</height>
                    <font>font14</font>
                    <label>$INFO[Window().Property(tikiskins.extras.rating),,  •  ]</label>
                    <visible>!String.IsEmpty(Window().Property(tikiskins.extras.rating))</visible>
                </control>
                <control type="label">
                    <width min="29" max="240">auto</width>
                    <height>25</height>
                    <font>font14</font>
                    <label>$INFO[Window().Property(tikiskins.extras.mpaa),,  •  ]</label>
                    <visible>!String.IsEmpty(Window().Property(tikiskins.extras.mpaa))</visible>
                </control>
                <control type="label">
                    <width min="29" max="280">auto</width>
                    <height>25</height>
                    <font>font14</font>
                    <label>$INFO[Window().Property(tikiskins.extras.duration),,  •  ]</label>
                    <visible>!String.IsEmpty(Window().Property(tikiskins.extras.duration))</visible>
                </control>
                <control type="label">
                    <width min="29" max="400">auto</width>
                    <height>25</height>
                    <font>font14</font>
                    <label>$INFO[Window().Property(tikiskins.extras.status)]</label>
                    <visible>!String.IsEmpty(Window().Property(tikiskins.extras.status))</visible>
                </control>
            </control>
            <control type="grouplist">
                <visible>String.IsEqual(Window().Property(tikiskins.extras.db_type),movie)</visible>
                <top>105</top>
                <itemgap>0</itemgap>
                <align>center</align>
                <orientation>horizontal</orientation>
                <width max="1150">auto</width>
                <control type="label">
                    <width min="29" max="420">auto</width>
                    <height>25</height>
                    <font>font14</font>
                    <label>$INFO[Window().Property(tikiskins.extras.progress),,  •  ]</label>
                    <visible>!String.IsEmpty(Window().Property(tikiskins.extras.progress))</visible>
                </control>
                <control type="label">
                    <width min="29" max="820">auto</width>
                    <height>25</height>
                    <font>font14</font>
                    <label>$INFO[Window().Property(tikiskins.extras.finish_watching)]</label>
                    <visible>!String.IsEmpty(Window().Property(tikiskins.extras.finish_watching))</visible>
                </control>
            </control>
            <control type="grouplist">
                <visible>String.IsEqual(Window().Property(tikiskins.extras.db_type),tvshow)</visible>
                <top>105</top>
                <itemgap>0</itemgap>
                <align>center</align>
                <orientation>horizontal</orientation>
                <width max="1150">auto</width>
                <control type="label">
                    <width min="29" max="800">auto</width>
                    <height>25</height>
                    <font>font14</font>
                    <label>$INFO[Window().Property(tikiskins.extras.next_episode),,  •  ]</label>
                    <visible>!String.IsEmpty(Window().Property(tikiskins.extras.next_episode))</visible>
                </control>
                <control type="label">
                    <width min="29" max="800">auto</width>
                    <height>25</height>
                    <font>font14</font>
                    <label>$INFO[Window().Property(tikiskins.extras.last_aired_episode),,  •  ]</label>
                    <visible>!String.IsEmpty(Window().Property(tikiskins.extras.last_aired_episode))</visible>
                </control>
                <control type="label">
                    <width min="29" max="800">auto</width>
                    <height>25</height>
                    <font>font14</font>
                    <label>$INFO[Window().Property(tikiskins.extras.next_aired_episode)]</label>
                    <visible>!String.IsEmpty(Window().Property(tikiskins.extras.next_aired_episode))</visible>
                </control>
            </control>
        </control>
    </controls>
</window>
