<?xml version="1.0" encoding="UTF-8" standalone="yes"?>
<addon id="repository.tikipeter" name="Tikipeter's Repository" version="0.0.1" provider-name="Tikipeter">
	<extension point="xbmc.addon.repository" name="Tikipeter's Repository">
		<info compressed="false">https://raw.githubusercontent.com/Tikipeter/repository.tikipeter/master/addons.xml</info>
		<checksum>https://raw.githubusercontent.com/Tikipeter/repository.tikipeter/master/addons.xml.md5</checksum>
		<datadir zip="true">https://raw.githubusercontent.com/Tikipeter/repository.tikipeter/master/zip</datadir>
	</extension>
	<extension point="xbmc.addon.metadata">
		<platform>all</platform>
		<summary>Tikipeter's Repository</summary>
		<description>Unofficial add-ons repository</description>
	</extension>
</addon>