<?xml version="1.0" encoding="UTF-8"?>
<addon id="plugin.video.fen" version="1.7.05" name="Fen" provider-name="Tiki">
    <requires>
        <import addon="script.module.requests" version="2.3.0"/>
        <import addon="script.tiki.artwork" version="1.0.0"/>
        <import addon="script.module.tikimeta" version="1.0.0" />
        <import addon="script.module.openscrapers"/>
        <import addon="script.module.resolveurl" version="1.0.0"/>
    </requires>
    <extension point="xbmc.python.pluginsource" library="resources/lib/fen.py">
        <provides>video audio</provides>
    </extension>
    <extension point="xbmc.service" library="resources/lib/services.py" start="startup"/>
    <extension point="xbmc.python.module" library="resources/lib/"/>
    <extension point="xbmc.addon.metadata">
        <summary>
            Specializes in Furk and Easynews.
        </summary>
        <description>
Specializes in Furk and Easynews(web) account access.
Also utilizes Openscrapers for those without a Furk or Easynews(web) account.
Please Note: This add-on is NOT an Exodus fork, and as such will behave differently to an Exodus fork.
        </description>
        <platform>all</platform>
        <disclaimer>
        </disclaimer>
        <license>GNU GENERAL PUBLIC LICENSE. Version 3, 29 June 2007</license>
        <assets>
            <icon>icon.png</icon>
            <fanart>fanart.png</fanart>
        </assets>
        <news>
INFO: For latest changes see Changelog within Tools of add-on.
        </news>
    </extension>
</addon>

