<?xml version="1.0" encoding="UTF-8" standalone="yes"?>
<addon id="script.tikiskins" name="Tiki Skins Module" provider-name="Tiki" version="1.1.33">
    <extension point="xbmc.python.module" />
    <extension point="xbmc.addon.metadata">
        <summary>Skins for Addons</summary>
        <description>Skins for Addons</description>
        <platform>all</platform>
        <license>GNU GENERAL PUBLIC LICENSE. Version 3, 29 June 2007</license>
        <assets>
            <icon>icon.png</icon>
            <fanart>fanart.png</fanart>
        </assets>
    </extension>
</addon>
