<?xml version="1.0" encoding="UTF-8"?>
<window type="dialog">
    <defaultcontrol always="true">3</defaultcontrol>
    <coordinates>
        <left>352</left>
        <top>112</top>
    </coordinates>
    <include>dialogeffect</include>
    <depth>DepthDialog+</depth>
    <controls>
        <control type="group">
            <animation effect="slide" start="0,0" end="0,69" time="0" condition="[Control.IsVisible(3) + !Integer.IsGreater(Container(3).NumItems,4)] | [Control.IsVisible(6) + !Integer.IsGreater(Container(6).NumItems,2)]">Conditional</animation>
            <animation effect="slide" start="0,0" end="0,69" time="0" condition="[Control.IsVisible(3) + !Integer.IsGreater(Container(3).NumItems,6)] | [Control.IsVisible(6) + !Integer.IsGreater(Container(6).NumItems,3)]">Conditional</animation>
            <animation effect="slide" start="0,0" end="0,69" time="0" condition="[Control.IsVisible(3) + !Integer.IsGreater(Container(3).NumItems,8)] | [Control.IsVisible(6) + !Integer.IsGreater(Container(6).NumItems,4)]">Conditional</animation>
            <control type="image">
                <description>background image</description>
                <left>0</left>
                <top>0</top>
                <width>1275</width>
                <height>825</height>
                <texture border="60">$VAR[SelectBack]</texture>
                <visible>[Control.IsVisible(3) + Integer.IsGreater(Container(3).NumItems,8)] | [Control.IsVisible(6) + Integer.IsGreater(Container(6).NumItems,4)]</visible>
            </control>
            <control type="image">
                <description>background image</description>
                <left>0</left>
                <top>0</top>
                <width>1275</width>
                <height>687</height>
                <texture border="60">$VAR[SelectBack]</texture>
                <visible>[Control.IsVisible(3) + Integer.IsGreater(Container(3).NumItems,6) + !Integer.IsGreater(Container(3).NumItems,8)] | [Control.IsVisible(6) + Integer.IsGreater(Container(6).NumItems,3) + !Integer.IsGreater(Container(6).NumItems,4)]</visible>
            </control>
            <control type="image">
                <description>background image</description>
                <left>0</left>
                <top>0</top>
                <width>1275</width>
                <height>549</height>
                <texture border="60">$VAR[SelectBack]</texture>
                <visible>[Control.IsVisible(3) + Integer.IsGreater(Container(3).NumItems,4) + !Integer.IsGreater(Container(3).NumItems,6)] | [Control.IsVisible(6) + Integer.IsGreater(Container(6).NumItems,2) + !Integer.IsGreater(Container(6).NumItems,3)]</visible>
            </control>
            <control type="image">
                <description>background image</description>
                <left>0</left>
                <top>0</top>
                <width>1275</width>
                <height>411</height>
                <texture border="60">$VAR[SelectBack]</texture>
                <visible>[Control.IsVisible(3) + !Integer.IsGreater(Container(3).NumItems,4)] | [Control.IsVisible(6) + !Integer.IsGreater(Container(6).NumItems,2)]</visible>
            </control>
            <control type="image">
                <description>Dialog Header image</description>
                <left>60</left>
                <top>24</top>
                <width>1155</width>
                <height>60</height>
                <texture>dialogheader.png</texture>
            </control>
            <control type="label" id="1">
                <description>header label</description>
                <left>60</left>
                <top>30</top>
                <width>1155</width>
                <height>45</height>
                <font>font13_title</font>
                <label>$LOCALIZE[13406]</label>
                <align>center</align>
                <aligny>center</aligny>
                <textcolor>selected</textcolor>
                <shadowcolor>black</shadowcolor>
            </control>
            <control type="label" id="4">
                <description>No Settings Label</description>
                <left>30</left>
                <top>180</top>
                <width>825</width>
                <align>center</align>
                <font>font13</font>
            </control>
            <control type="button">
                <description>Close Window button</description>
                <left>1140</left>
                <top>22</top>
                <width>96</width>
                <height>48</height>
                <label></label>
                <font></font>
                <onclick>PreviousMenu</onclick>
                <texturefocus>DialogCloseButton-focus.png</texturefocus>
                <texturenofocus>DialogCloseButton.png</texturenofocus>
                <visible>system.getbool(input.enablemouse)</visible>
            </control>
            <control type="list" id="3">
                <left>30</left>
                <top>100</top>
                <width>825</width>
                <height>690</height>
                <onup>3</onup>
                <ondown>3</ondown>
                <onleft>7</onleft>
                <onright>61</onright>
                <pagecontrol>61</pagecontrol>
                <scrolltime>200</scrolltime>
                <itemlayout height="69" width="825">
                    <control type="image">
                        <left>0</left>
                        <top>0</top>
                        <width>825</width>
                        <height>60</height>
                        <texture border="8">button-nofocus.png</texture>
                    </control>
                    <control type="label">
                        <left>30</left>
                        <top>0</top>
                        <width>765</width>
                        <height>60</height>
                        <font>font13</font>
                        <textcolor>grey2</textcolor>
                        <selectedcolor>selected</selectedcolor>
                        <align>left</align>
                        <aligny>center</aligny>
                        <label>$INFO[ListItem.Label]</label>
                    </control>
                </itemlayout>
                <focusedlayout height="69" width="825">
                    <control type="image">
                        <left>0</left>
                        <top>0</top>
                        <width>825</width>
                        <height>60</height>
                        <texture border="8">button-nofocus.png</texture>
                        <visible>!Control.HasFocus(3)</visible>
                        <include>VisibleFadeEffect</include>
                    </control>
                    <control type="image">
                        <left>0</left>
                        <top>0</top>
                        <width>825</width>
                        <height>60</height>
                        <texture colordiffuse="$VAR[ColorHighlightVar]" border="8">button-focus2.png</texture>
                        <visible>Control.HasFocus(3)</visible>
                        <include>VisibleFadeEffect</include>
                    </control>
                    <control type="label">
                        <left>30</left>
                        <top>0</top>
                        <width>765</width>
                        <height>60</height>
                        <font>font13</font>
                        <textcolor>white</textcolor>
                        <selectedcolor>selected</selectedcolor>
                        <align>left</align>
                        <aligny>center</aligny>
                        <label>$INFO[ListItem.Label]</label>
                    </control>
                </focusedlayout>
            </control>
            <control type="list" id="6">
                <left>30</left>
                <top>100</top>
                <width>825</width>
                <height>690</height>
                <onup>6</onup>
                <ondown>6</ondown>
                <onleft>7</onleft>
                <onright>61</onright>
                <pagecontrol>61</pagecontrol>
                <scrolltime>200</scrolltime>
                <itemlayout height="138" width="825">
                    <control type="image">
                        <left>0</left>
                        <top>0</top>
                        <width>825</width>
                        <height>129</height>
                        <texture border="8">button-nofocus.png</texture>
                    </control>
                    <control type="image">
                        <left>3</left>
                        <top>4</top>
                        <width>120</width>
                        <height>120</height>
                        <texture>$INFO[Listitem.Icon]</texture>
                        <aspectratio>keep</aspectratio>
                        <bordertexture border="4">black-back2.png</bordertexture>
                        <bordersize>3</bordersize>
                    </control>
                    <control type="label">
                        <left>135</left>
                        <top>3</top>
                        <width>675</width>
                        <height>45</height>
                        <font>font13</font>
                        <textcolor>grey</textcolor>
                        <selectedcolor>selected</selectedcolor>
                        <align>left</align>
                        <aligny>center</aligny>
                        <label>[B]$INFO[ListItem.Label][/B]</label>
                    </control>
                    <control type="textbox">
                        <left>135</left>
                        <top>51</top>
                        <width>675</width>
                        <height>72</height>
                        <font>font12</font>
                        <textcolor>grey</textcolor>
                        <selectedcolor>selected</selectedcolor>
                        <align>left</align>
                        <label>$INFO[ListItem.Label2]</label>
                    </control>
                </itemlayout>
                <focusedlayout height="138" width="825">
                    <control type="image">
                        <left>0</left>
                        <top>0</top>
                        <width>825</width>
                        <height>129</height>
                        <texture border="8">button-nofocus.png</texture>
                        <visible>!Control.HasFocus(6)</visible>
                        <include>VisibleFadeEffect</include>
                    </control>
                    <control type="image">
                        <left>0</left>
                        <top>0</top>
                        <width>825</width>
                        <height>129</height>
                        <texture colordiffuse="$VAR[ColorHighlightVar]" border="8">button-focus2.png</texture>
                        <visible>Control.HasFocus(6)</visible>
                        <include>VisibleFadeEffect</include>
                    </control>
                    <control type="image">
                        <left>3</left>
                        <top>4</top>
                        <width>120</width>
                        <height>120</height>
                        <texture>$INFO[Listitem.Icon]</texture>
                        <aspectratio>keep</aspectratio>
                        <bordertexture border="4">black-back2.png</bordertexture>
                        <bordersize>3</bordersize>
                    </control>
                    <control type="label">
                        <left>135</left>
                        <top>3</top>
                        <width>675</width>
                        <height>45</height>
                        <font>font13</font>
                        <textcolor>white</textcolor>
                        <selectedcolor>selected</selectedcolor>
                        <align>left</align>
                        <aligny>center</aligny>
                        <label>[B]$INFO[ListItem.Label][/B]</label>
                    </control>
                    <control type="textbox">
                        <left>135</left>
                        <top>51</top>
                        <width>675</width>
                        <height>72</height>
                        <font>font12</font>
                        <textcolor>grey</textcolor>
                        <selectedcolor>selected</selectedcolor>
                        <align>left</align>
                        <label>$INFO[ListItem.Label2]</label>
                    </control>
                </focusedlayout>
            </control>
            <control type="scrollbar" id="61">
                <left>855</left>
                <top>98</top>
                <width>30</width>
                <height>696</height>
                <texturesliderbackground border="15">scrollbars/scrollbaruni-bg.png</texturesliderbackground>
                <texturesliderbar border="15">scrollbars/scrollbaruni-bar.png</texturesliderbar>
                <texturesliderbarfocus colordiffuse="$VAR[ColorHighlightVar]" border="15">scrollbars/scrollbaruni-bar-focus.png</texturesliderbarfocus>
                <textureslidernib>scrollbars/scrollbaruni-nib.png</textureslidernib>
                <textureslidernibfocus>scrollbars/scrollbaruni-nib.png</textureslidernibfocus>
                <onleft condition="Control.IsVisible(3)">3</onleft>
                <onleft condition="Control.IsVisible(6)">6</onleft>
                <onright>90</onright>
                <ondown>61</ondown>
                <onup>61</onup>
                <showonepage>false</showonepage>
                <orientation>vertical</orientation>
            </control>
            <control type="group">
                <control type="label">
                    <description>number of files/pages in list text label</description>
                    <left>888</left>
                    <top>735</top>
                    <width>360</width>
                    <height>52</height>
                    <font>font12</font>
                    <align>center</align>
                    <aligny>center</aligny>
                    <textcolor>grey</textcolor>
                    <label>$VAR[SelectLabel]</label>
                    <animation effect="slide" start="0,0" end="0,-138" time="0" condition="[Control.IsVisible(3) + !Integer.IsGreater(Container(3).NumItems,4)] | [Control.IsVisible(6) + !Integer.IsGreater(Container(6).NumItems,2)]">Conditional</animation>
                    <animation effect="slide" start="0,0" end="0,-138" time="0" condition="[Control.IsVisible(3) + !Integer.IsGreater(Container(3).NumItems,6)] | [Control.IsVisible(6) + !Integer.IsGreater(Container(6).NumItems,3)]">Conditional</animation>
                    <animation effect="slide" start="0,0" end="0,-138" time="0" condition="[Control.IsVisible(3) + !Integer.IsGreater(Container(3).NumItems,8)] | [Control.IsVisible(6) + !Integer.IsGreater(Container(6).NumItems,4)]">Conditional</animation>
                </control>
                <control type="grouplist" id="90">
                    <left>918</left>
                    <top>150</top>
                    <onleft condition="Control.IsVisible(3)">3</onleft>
                    <onleft condition="Control.IsVisible(6)">6</onleft>
                    <onright condition="Control.IsVisible(3)">3</onright>
                    <onright condition="Control.IsVisible(6)">6</onright>
                    <control type="button" id="5">
                        <description>Manual button</description>
                        <width>300</width>
                        <height>60</height>
                        <label></label>
                        <font>font12_title</font>
                        <textcolor>white</textcolor>
                        <focusedcolor>white</focusedcolor>
                        <align>center</align>
                    </control>
                    <control type="button" id="7">
                        <description>Cancel button</description>
                        <width>300</width>
                        <height>60</height>
                        <label></label>
                        <font>font12_title</font>
                        <textcolor>white</textcolor>
                        <focusedcolor>white</focusedcolor>
                        <align>center</align>
                    </control>
                </control>
            </control>
        </control>
    </controls>
</window>
