<?xml version="1.0" encoding="UTF-8"?>
<includes>
    <include name="HomeMainMenu">
        <control type="group">
            <top>0</top>
            <include>Animation.Common</include>
            <control type="image">
                <left>0</left>
                <top>-45</top>
                <width>450</width>
                <height>1200</height>
                <texture background="true" border="6,6,6,6">HomeBack.png</texture>
                <animation effect="slide" start="0,0" end="-450,0" time="300" condition="!Control.HasFocus(9000)">conditional</animation>
            </control>
            <control type="group">
                <!-- Sub Menus -->
                <include>HomeSubMenu</include>
            </control>
            <control type="group" id="9999">
                <control type="group" id="9003">
                    <!--Widget 1 -->
                    <include>skinshortcuts-template-widget</include>
                </control>
                <control type="group" id="9004">
                    <!-- Widget 2 -->
                    <include>skinshortcuts-template-widget2</include>
                </control>
                <control type="group" id="9005">
                    <!-- Widget 3 -->
                    <include>skinshortcuts-template-widget3</include>
                </control>
                <control type="group" id="9006">
                    <!-- Widget 4 -->
                    <include>skinshortcuts-template-widget4</include>
                </control>
                <control type="group" id="9007">
                    <!--Widget Single -->
                    <include>skinshortcuts-template-widgetsingle</include>
                </control>
            </control>
            <control type="image">
                <left>22</left>
                <top>18</top>
                <width>390</width>
                <height>592</height>
                <texture>HomeOverlay.png</texture>
            </control>
            <control type="button" id="8999">
                <description>Fake button for mouse control</description>
                <left>0</left>
                <top>135</top>
                <width>30</width>
                <height>1080</height>
                <label></label>
                <font></font>
                <texturenofocus></texturenofocus>
                <texturefocus></texturefocus>
                <visible>true</visible>
                <onfocus>SetFocus(9901,0)</onfocus>
            </control>
            <control type="list" id="9000">
                <include>HomeMainMenuAdjust</include>
                <hitrect x="30" y="0" w="375" h="1080" />
                <!--hitrectcolor>orange</hitrectcolor-->
                <left>0</left>
                <top>135</top>
                <width>450</width>
                <height>840</height>
                <onup>9000</onup>
                <ondown>9000</ondown>
                <onleft>9901</onleft>
                <onright>9999</onright>
                <pagecontrol></pagecontrol>
                <scrolltime>200</scrolltime>
                <movement>1</movement>
                <orientation>Vertical</orientation>
                <animation effect="slide" start="0,0" end="-450,0" time="300" condition="!Control.HasFocus(9000)">conditional</animation>
                <animation effect="fade" start="100" end="0" time="300" condition="Control.HasFocus(9060)">conditional</animation>
                <itemlayout height="120" width="450">
                    <control type="label">
                        <left>0</left>
                        <top>0</top>
                        <width>450</width>
                        <height>120</height>
                        <font>font_MainMenu</font>
                        <textcolor>grey3</textcolor>
                        <align>center</align>
                        <aligny>center</aligny>
                        <label>$INFO[ListItem.Label]</label>
                    </control>
                </itemlayout>
                <focusedlayout height="120" width="450">
                    <control type="group">
                        <left>0</left>
                        <top>0</top>
                        <align>center</align>
                        <include content="SelectedSolidVar" condition="!Skin.HasSetting(UseOutlineHomeMenus)">
                            <param name="width">450</param>
                            <param name="height">120</param>
                        </include>
                        <include content="SelectedOutlineVar" condition="Skin.HasSetting(UseOutlineHomeMenus)">
                            <param name="width">450</param>
                            <param name="height">120</param>
                        </include>
                        <animation type="UnFocus" reversible="false">
                            <effect type="fade" start="100" end="30" time="0" />
                        </animation>
                        <control type="image">
                            <left>10</left>
                            <top>50</top>
                            <width>25</width>
                            <height>25</height>
                            <texture>arrow-big-left.png</texture>
                            <visible>Integer.IsGreater(Container(9901).NumItems,0) + Control.HasFocus(9000)</visible>
                        </control>
                    </control>
                    <control type="label">
                        <left>0</left>
                        <top>0</top>
                        <width>450</width>
                        <height>120</height>
                        <font>font_MainMenu</font>
                        <textcolor>white</textcolor>
                        <align>center</align>
                        <aligny>center</aligny>
                        <label>$INFO[ListItem.Label]</label>
                    </control>
                </focusedlayout>
                <content>
                    <include>skinshortcuts-mainmenu</include>
                </content>
            </control>
        </control>
    </include>
    <include name="HomeSubMenu">
        <control type="group">
            <include>Animation.Common</include>
            <control type="image">
                <left>-495</left>
                <top>-150</top>
                <width>495</width>
                <height>1350</height>
                <texture background="true" border="6,6,6,6">HomeBack.png</texture>
                <animation effect="slide" start="495,0" end="0,0" time="300" condition="!Control.HasFocus(9901)">conditional</animation>
            </control>
            <control type="group">
                <left>-900</left>
                <top>60</top>
                <animation effect="Slide" start="900,0" end="0,0" delay="0" time="300" tween="quadratic" easing="out" condition="!Control.HasFocus(9901)">conditional</animation>
                <control type="label">
                    <top>0</top>
                    <width>495</width>
                    <height>90</height>
                    <font>font_MainMenu</font>
                    <textcolor>$VAR[ColorHighlightVar]</textcolor>
                    <align>center</align>
                    <aligny>center</aligny>
                    <label>$INFO[Container(9000).ListItem.Label]</label>
                </control>
                <control type="label">
                    <top>45</top>
                    <width>495</width>
                    <height>90</height>
                    <font>font30</font>
                    <textcolor>grey2</textcolor>
                    <align>center</align>
                    <aligny>center</aligny>
                    <label>Submenu</label>
                </control>
            </control>
            <control type="list" id="9901">
                <include>HomeSubMenusAdjust</include>
                <hitrect x="-900" y="0" w="412" h="735" />
                <!--hitrectcolor>orange</hitrectcolor-->
                <left>-900</left>
                <top>180</top>
                <width>495</width>
                <height>735</height>
                <onup>9901</onup>
                <ondown>9901</ondown>
                <onleft>9000</onleft>
                <onright>9000</onright>
                <pagecontrol></pagecontrol>
                <scrolltime>200</scrolltime>
                <movement>1</movement>
                <orientation>Vertical</orientation>
                <animation effect="Slide" start="900,0" end="0,0" delay="0" time="300" tween="quadratic" easing="out" condition="!Control.HasFocus(9901)">conditional</animation>
                <animation effect="fade" start="100" end="0" time="0" condition="!Control.HasFocus(9901)">conditional</animation>
                <itemlayout height="90" width="495">
                    <control type="label">
                        <left>0</left>
                        <top>0</top>
                        <width>495</width>
                        <height>90</height>
                        <font>font35_title</font>
                        <textcolor>grey3</textcolor>
                        <align>center</align>
                        <aligny>center</aligny>
                        <label>$INFO[ListItem.Label]</label>
                    </control>
                </itemlayout>
                <focusedlayout height="90" width="495">
                    <control type="group">
                        <left>0</left>
                        <top>0</top>
                        <include content="SelectedSolidVar" condition="!Skin.HasSetting(UseOutlineHomeMenus)">
                            <param name="width">495</param>
                            <param name="height">90</param>
                        </include>
                        <include content="SelectedOutlineVar" condition="Skin.HasSetting(UseOutlineHomeMenus)">
                            <param name="width">495</param>
                            <param name="height">90</param>
                        </include>
                        <visible>Control.HasFocus(9901)</visible>
                        <include>VisibleFadeEffect</include>
                    </control>
                    <control type="image">=
						<left>0</left><top>0</top><width>495</width><height>90</height><texture colordiffuse="$VAR[ColorHighlightVar]" border="6,6,6,6">MenuItemFO.png</texture><visible>!Control.HasFocus(9901)</visible></control>
                    <control type="label">
                        <left>0</left>
                        <top>0</top>
                        <width>495</width>
                        <height>90</height>
                        <font>font35_title</font>
                        <textcolor>white</textcolor>
                        <align>center</align>
                        <aligny>center</aligny>
                        <label>$INFO[ListItem.Label]</label>
                    </control>
                </focusedlayout>
                <content>
                    <include>skinshortcuts-submenu</include>
                </content>
            </control>
        </control>
    </include>
    <include name="HomeShortcutMenu">
        <control type="group">
            <include>Animation.Common</include>
            <control type="button" id="9920">
                <left>428</left>
                <top>57</top>
                <width>2025</width>
                <height>180</height>
                <label></label>
                <font></font>
                <texturenofocus></texturenofocus>
                <texturefocus></texturefocus>
                <visible>true</visible>
                <onright>9000</onright>
                <onup>9901</onup>
                <ondown>9901</ondown>
            </control>
            <control type="image">
                <left>-495</left>
                <top>-150</top>
                <width>495</width>
                <height>1350</height>
                <texture background="true" border="6,6,6,6">HomeBack.png</texture>
                <animation effect="slide" start="495,0" end="0,0" time="300" condition="!Control.HasFocus(9902)">conditional</animation>
            </control>
            <control type="group">
                <left>-900</left>
                <top>60</top>
                <animation effect="Slide" start="900,0" end="0,0" delay="0" time="300" tween="quadratic" easing="out" condition="!Control.HasFocus(9902)">conditional</animation>
                <control type="label">
                    <top>0</top>
                    <width>495</width>
                    <height>90</height>
                    <font>font_MainMenu</font>
                    <textcolor>$VAR[ColorHighlightVar]</textcolor>
                    <align>center</align>
                    <aligny>center</aligny>
                    <label>Shortcut</label>
                </control>
                <control type="label">
                    <top>45</top>
                    <width>495</width>
                    <height>90</height>
                    <font>font30</font>
                    <textcolor>grey2</textcolor>
                    <align>center</align>
                    <aligny>center</aligny>
                    <label>Menu</label>
                </control>
            </control>
            <control type="list" id="9902">
                <include>HomeSubMenusAdjust</include>
                <hitrect x="-900" y="0" w="430" h="1080" />
                <!--hitrectcolor>orange</hitrectcolor-->
                <left>-900</left>
                <top>180</top>
                <width>495</width>
                <height>735</height>
                <onup>9902</onup>
                <ondown>9902</ondown>
                <onleft>9000</onleft>
                <onright>9000</onright>
                <pagecontrol></pagecontrol>
                <scrolltime>200</scrolltime>
                <movement>1</movement>
                <orientation>Vertical</orientation>
                <animation effect="Slide" start="900,0" end="0,0" delay="0" time="300" tween="quadratic" easing="out" condition="!Control.HasFocus(9902)">conditional</animation>
                <animation effect="fade" start="100" end="0" time="0" condition="!Control.HasFocus(9902)">conditional</animation>
                <itemlayout height="90" width="495">
                    <control type="label">
                        <left>0</left>
                        <top>0</top>
                        <width>495</width>
                        <height>90</height>
                        <font>font35_title</font>
                        <textcolor>grey3</textcolor>
                        <align>center</align>
                        <aligny>center</aligny>
                        <label>$INFO[ListItem.Label]</label>
                    </control>
                </itemlayout>
                <focusedlayout height="90" width="495">
                    <control type="group">
                        <left>0</left>
                        <top>0</top>
                        <include content="SelectedSolidVar" condition="!Skin.HasSetting(UseOutlineHomeMenus)">
                            <param name="width">495</param>
                            <param name="height">90</param>
                        </include>
                        <include content="SelectedOutlineVar" condition="Skin.HasSetting(UseOutlineHomeMenus)">
                            <param name="width">495</param>
                            <param name="height">90</param>
                        </include>
                        <visible>Control.HasFocus(9902)</visible>
                        <include>VisibleFadeEffect</include>
                    </control>
                    <control type="image">=
						<left>0</left><top>0</top><width>495</width><height>90</height><texture colordiffuse="$VAR[ColorHighlightVar]" border="6,6,6,6">MenuItemFO.png</texture><visible>!Control.HasFocus(9902)</visible></control>
                    <control type="label">
                        <left>0</left>
                        <top>0</top>
                        <width>495</width>
                        <height>90</height>
                        <font>font35_title</font>
                        <textcolor>white</textcolor>
                        <align>center</align>
                        <aligny>center</aligny>
                        <label>$INFO[ListItem.Label]</label>
                    </control>
                </focusedlayout>
                <content>
                    <include>skinshortcuts-group-shortcutmenu</include>
                </content>
            </control>
        </control>
    </include>
    <include name="HomeSearchMenu">
        <control type="group">
            <include>Animation.Common</include>
            <control type="button" id="9920">
                <left>428</left>
                <top>57</top>
                <width>2025</width>
                <height>180</height>
                <label></label>
                <font></font>
                <texturenofocus></texturenofocus>
                <texturefocus></texturefocus>
                <visible>true</visible>
                <onright>9902</onright>
                <onup>9003</onup>
                <ondown>9003</ondown>
            </control>
            <control type="image">
                <left>-495</left>
                <top>-150</top>
                <width>495</width>
                <height>1350</height>
                <texture background="true" border="6,6,6,6">HomeBack.png</texture>
                <animation effect="slide" start="495,0" end="0,0" time="300" condition="!Control.HasFocus(9903)">conditional</animation>
            </control>
            <control type="group">
                <left>-900</left>
                <top>60</top>
                <animation effect="Slide" start="900,0" end="0,0" delay="0" time="300" tween="quadratic" easing="out" condition="!Control.HasFocus(9903)">conditional</animation>
                <control type="label">
                    <top>0</top>
                    <width>495</width>
                    <height>90</height>
                    <font>font_MainMenu</font>
                    <textcolor>$VAR[ColorHighlightVar]</textcolor>
                    <align>center</align>
                    <aligny>center</aligny>
                    <label>Search</label>
                </control>
                <control type="label">
                    <top>45</top>
                    <width>495</width>
                    <height>90</height>
                    <font>font30</font>
                    <textcolor>grey2</textcolor>
                    <align>center</align>
                    <aligny>center</aligny>
                    <label>Options</label>
                </control>
            </control>
            <control type="list" id="9903">
                <include>HomeSubMenusAdjust</include>
                <hitrect x="-900" y="0" w="430" h="1080" />
                <!--hitrectcolor>orange</hitrectcolor-->
                <left>-900</left>
                <top>180</top>
                <width>495</width>
                <height>735</height>
                <onup>9903</onup>
                <ondown>9903</ondown>
                <onleft>9000</onleft>
                <onright>9902</onright>
                <pagecontrol></pagecontrol>
                <scrolltime>200</scrolltime>
                <movement>1</movement>
                <orientation>Vertical</orientation>
                <animation effect="Slide" start="900,0" end="0,0" delay="0" time="300" tween="quadratic" easing="out" condition="!Control.HasFocus(9903)">conditional</animation>
                <animation effect="fade" start="100" end="0" time="0" condition="!Control.HasFocus(9903)">conditional</animation>
                <itemlayout height="90" width="495">
                    <control type="label">
                        <left>0</left>
                        <top>0</top>
                        <width>495</width>
                        <height>90</height>
                        <font>font35_title</font>
                        <textcolor>grey3</textcolor>
                        <align>center</align>
                        <aligny>center</aligny>
                        <label>$INFO[ListItem.Label]</label>
                    </control>
                </itemlayout>
                <focusedlayout height="90" width="495">
                    <control type="group">
                        <left>0</left>
                        <top>0</top>
                        <include content="SelectedSolidVar" condition="!Skin.HasSetting(UseOutlineHomeMenus)">
                            <param name="width">495</param>
                            <param name="height">90</param>
                        </include>
                        <include content="SelectedOutlineVar" condition="Skin.HasSetting(UseOutlineHomeMenus)">
                            <param name="width">495</param>
                            <param name="height">90</param>
                        </include>
                        <visible>Control.HasFocus(9903)</visible>
                        <include>VisibleFadeEffect</include>
                    </control>
                    <control type="image">=
						<left>0</left>
                        <top>0</top>
                        <width>495</width>
                        <height>90</height>
                        <texture colordiffuse="$VAR[ColorHighlightVar]" border="6,6,6,6">MenuItemFO.png</texture>
                        <visible>!Control.HasFocus(9903)</visible>
                    </control>
                    <control type="label">
                        <left>0</left>
                        <top>0</top>
                        <width>495</width>
                        <height>90</height>
                        <font>font35_title</font>
                        <textcolor>white</textcolor>
                        <align>center</align>
                        <aligny>center</aligny>
                        <label>$INFO[ListItem.Label]</label>
                    </control>
                </focusedlayout>
                <content>
                    <item id="1">
                        <description>Video Library</description>
                        <onclick condition="!System.HasAddon(script.globalsearch)">InstallAddon(script.globalsearch)</onclick>
                        <onclick>RunScript(script.globalsearch)</onclick>
                        <label>Video Library</label>
                    </item>
                    <item id="2">
                        <description>The Movie DB</description>
                        <onclick condition="!System.hasAddon(script.extendedinfo)">InstallAddon(script.extendedinfo)</onclick>
                        <onclick condition="System.hasAddon(script.extendedinfo)">RunScript(script.extendedinfo,info=moviedbbrowser,search=True)</onclick>
                        <label>The Movie DB</label>
                    </item>
                    <item id="3">
                        <description>Youtube</description>
                        <onclick condition="!System.hasAddon(plugin.video.youtube)">Notification(Addon required,Install and enable "video.youtube")</onclick>
                        <onclick condition="System.hasAddon(plugin.video.youtube)">ActivateWindow(Videos,plugin://plugin.video.youtube/kodion/search/list/,return)</onclick>
                        <label>Youtube</label>
                    </item>
                </content>
            </control>
        </control>
    </include>
    <include name="HomeShutdownMenu">
        <control type="group">
            <include>Animation.Common</include>
            <control type="button" id="9920">
                <left>428</left>
                <top>57</top>
                <width>2025</width>
                <height>180</height>
                <label></label>
                <font></font>
                <texturenofocus></texturenofocus>
                <texturefocus></texturefocus>
                <visible>true</visible>
                <onright>9902</onright>
                <onup>9003</onup>
                <ondown>9003</ondown>
            </control>
            <control type="image">
                <left>-495</left>
                <top>-150</top>
                <width>495</width>
                <height>1350</height>
                <texture background="true" border="6,6,6,6">HomeBack.png</texture>
                <animation effect="slide" start="495,0" end="0,0" time="300" condition="!Control.HasFocus(9904)">conditional</animation>
            </control>
            <control type="group">
                <left>-900</left>
                <top>60</top>
                <animation effect="Slide" start="900,0" end="0,0" delay="0" time="300" tween="quadratic" easing="out" condition="!Control.HasFocus(9904)">conditional</animation>
                <control type="label">
                    <top>0</top>
                    <width>495</width>
                    <height>90</height>
                    <font>font_MainMenu</font>
                    <textcolor>$VAR[ColorHighlightVar]</textcolor>
                    <align>center</align>
                    <aligny>center</aligny>
                    <label>Shutdown</label>
                </control>
                <control type="label">
                    <top>45</top>
                    <width>495</width>
                    <height>90</height>
                    <font>font30</font>
                    <textcolor>grey2</textcolor>
                    <align>center</align>
                    <aligny>center</aligny>
                    <label>Menu</label>
                </control>
            </control>
            <control type="list" id="9904">
                <include>HomeSubMenusAdjust</include>
                <hitrect x="-900" y="0" w="430" h="1080" />
                <!--hitrectcolor>orange</hitrectcolor-->
                <left>-900</left>
                <top>180</top>
                <width>495</width>
                <height>735</height>
                <onup>9904</onup>
                <ondown>9904</ondown>
                <onleft>9000</onleft>
                <onright>9902</onright>
                <pagecontrol></pagecontrol>
                <scrolltime>200</scrolltime>
                <movement>1</movement>
                <orientation>Vertical</orientation>
                <animation effect="Slide" start="900,0" end="0,0" delay="0" time="300" tween="quadratic" easing="out" condition="!Control.HasFocus(9904)">conditional</animation>
                <animation effect="fade" start="100" end="0" time="0" condition="!Control.HasFocus(9904)">conditional</animation>
                <itemlayout height="90" width="495">
                    <control type="label">
                        <left>0</left>
                        <top>0</top>
                        <width>495</width>
                        <height>90</height>
                        <font>font35_title</font>
                        <textcolor>grey3</textcolor>
                        <align>center</align>
                        <aligny>center</aligny>
                        <label>$INFO[ListItem.Label]</label>
                    </control>
                </itemlayout>
                <focusedlayout height="90" width="495">
                    <control type="group">
                        <left>0</left>
                        <top>0</top>
                        <include content="SelectedSolidVar" condition="!Skin.HasSetting(UseOutlineHomeMenus)">
                            <param name="width">495</param>
                            <param name="height">90</param>
                        </include>
                        <include content="SelectedOutlineVar" condition="Skin.HasSetting(UseOutlineHomeMenus)">
                            <param name="width">495</param>
                            <param name="height">90</param>
                        </include>
                        <visible>Control.HasFocus(9904)</visible>
                        <include>VisibleFadeEffect</include>
                    </control>
                    <control type="image">=
						<left>0</left><top>0</top><width>495</width><height>90</height><texture colordiffuse="$VAR[ColorHighlightVar]" border="6,6,6,6">MenuItemFO.png</texture><visible>!Control.HasFocus(9904)</visible></control>
                    <control type="label">
                        <left>0</left>
                        <top>0</top>
                        <width>495</width>
                        <height>90</height>
                        <font>font35_title</font>
                        <textcolor>white</textcolor>
                        <align>center</align>
                        <aligny>center</aligny>
                        <label>$INFO[ListItem.Label]</label>
                    </control>
                </focusedlayout>
                <content>
                    <item id="1">
                        <description>Exit button</description>
                        <onclick>Quit()</onclick>
                        <label>13012</label>
                        <visible>System.ShowExitButton</visible>
                    </item>
                    <item id="2">
                        <description>Shutdown button</description>
                        <onclick>Powerdown()</onclick>
                        <label>13016</label>
                        <visible>System.CanPowerDown</visible>
                    </item>
                    <item id="3">
                        <description>Reboot button</description>
                        <onclick>Reset()</onclick>
                        <label>13013</label>
                        <visible>System.CanReboot</visible>
                    </item>
                    <item id="4">
                        <description>Custom Shutdown Timer</description>
                        <onclick>AlarmClock(shutdowntimer,Shutdown())</onclick>
                        <label>Shutdown Timer</label>
                        <visible>!System.HasAlarm(shutdowntimer)</visible>
                        <visible>System.CanPowerDown | System.CanSuspend | System.CanHibernate</visible>
                    </item>
                    <item id="5">
                        <description>Cancel Timer</description>
                        <onclick>CancelAlarm(shutdowntimer)</onclick>
                        <label>Cancel Timer</label>
                        <visible>System.HasAlarm(shutdowntimer)</visible>
                    </item>
                    <item id="6">
                        <description>Logoff button</description>
                        <onclick>dialog.close(all,true)</onclick>
                        <onclick>System.LogOff</onclick>
                        <label>$LOCALIZE[20126] $INFO[system.profilename]</label>
                        <visible>System.HasLoginScreen | IntegerGreaterThan(System.ProfileCount,1)</visible>
                        <visible>System.Loggedon</visible>
                    </item>
                    <item id="7">
                        <description>Master mode button</description>
                        <onclick>mastermode</onclick>
                        <label>20046</label>
                        <altlabel>20045</altlabel>
                        <visible>System.HasLocks</visible>
                    </item>
                </content>
            </control>
        </control>
    </include>
</includes>
