<?xml version="1.0" encoding="UTF-8"?>
<window type="dialog" id="1134">
    <defaultcontrol always="true">90001</defaultcontrol>
    <allowoverlay>no</allowoverlay>
    <coordinates>
        <system>1</system>
    </coordinates>
    <controls>
        <include>CommonBackground2</include>
        <control type="image">
            <include>Floor_Animation</include>
            <left>0</left>
            <top>150r</top>
            <width>1920</width>
            <height>150</height>
            <texture>floor.png</texture>
            <include>VisibleFadeEffect</include>
        </control>
        <include content="CommonWindowHeader">
            <param name="Icon" value="icon_system" />
            <param name="Label" value="$VAR[CustomizeHeading]" />
        </include>
        <control type="group">
            <visible>IsEmpty(Window.Property(additionalDialog))</visible>
            <include>Animation.Common</include>
            <left>135</left>
            <top>75</top>
            <control type="image">
                <left>8</left>
                <top>8</top>
                <width>1635</width>
                <height>815</height>
                <texture border="22">ContentPanel.png</texture>
            </control>
            <control type="image">
                <description>LOGO</description>
                <left>45</left>
                <top>15</top>
                <width>330</width>
                <height>120</height>
                <aspectratio>keep</aspectratio>
                <texture>special://skin/extras/icon_settings.png</texture>
            </control>
            <control type="list" id="211">
                <left>15</left>
                <top>135</top>
                <width>390</width>
                <height>670</height>
                <onleft>90001</onleft>
                <onright>90001</onright>
                <onup>211</onup>
                <ondown>211</ondown>
                <pagecontrol></pagecontrol>
                <scrolltime>300</scrolltime>
                <itemlayout height="95" width="390">
                    <control type="label">
                        <left>15</left>
                        <top>33</top>
                        <width>360</width>
                        <height>38</height>
                        <font>font24_title</font>
                        <textcolor>grey3</textcolor>
                        <align>right</align>
                        <aligny>center</aligny>
                        <label>$INFO[ListItem.Label]</label>
                        <animation effect="fade" time="0" end="50" condition="String.IsEqual(ListItem.Property(skinshortcuts-disabled),True)">Conditional</animation>
                    </control>
                </itemlayout>
                <focusedlayout height="95" width="390">
                    <control type="group">
                        <left>0</left>
                        <top>0</top>
                        <include content="SelectedSolidVar">
                            <param name="width">390</param>
                            <param name="height">95</param>
                        </include>
                        <animation type="UnFocus" reversible="false">
                            <effect type="fade" start="100" end="40" time="0" />
                        </animation>
                    </control>
                    <control type="label">
                        <left>15</left>
                        <top>33</top>
                        <width>360</width>
                        <height>38</height>
                        <font>font24_title</font>
                        <textcolor>white</textcolor>
                        <align>right</align>
                        <aligny>center</aligny>
                        <label>$INFO[ListItem.Label]</label>
                    </control>
                </focusedlayout>
            </control>
            <control type="image">
                <left>402</left>
                <top>15</top>
                <width>1185</width>
                <height>800</height>
                <texture border="8">black-back2.png</texture>
            </control>
            <control type="label">
                <description>header label</description>
                <left>450</left>
                <top>30</top>
                <width>1089</width>
                <height>45</height>
                <font>font16</font>
                <label>$LOCALIZE[20077] - $VAR[CustomizeHeading]</label>
                <align>center</align>
                <aligny>center</aligny>
                <textcolor>white</textcolor>
                <shadowcolor>black</shadowcolor>
            </control>
            <control type="grouplist" id="90001">
                <description>control area</description>
                <left>405</left>
                <top>135</top>
                <width>1178</width>
                <height>640</height>
                <itemgap>-2</itemgap>
                <pagecontrol>60</pagecontrol>
                <onleft>211</onleft>
                <onright>60</onright>
                <onup>90001</onup>
                <ondown>90001</ondown>
                <scrolltime>0</scrolltime>
                <control type="button" id="401">
                    <description>Choose shortcut</description>
                    <width>1178</width>
                    <height>60</height>
                    <font>font15</font>
                    <textcolor>grey2</textcolor>
                    <focusedcolor>white</focusedcolor>
                    <label>$ADDON[script.skinshortcuts 32048]</label>
                    <texturefocus colordiffuse="$VAR[ColorHighlightVar]" border="8">MenuItemFO.png</texturefocus>
                    <texturenofocus>MenuItemNF.png</texturenofocus>
                </control>
                <control type="button" id="305">
                    <description>Set Label</description>
                    <width>1178</width>
                    <height>60</height>
                    <font>font15</font>
                    <textcolor>grey2</textcolor>
                    <focusedcolor>white</focusedcolor>
                    <label>$ADDON[script.skinshortcuts 32025]</label>
                    <label2>$INFO[Container(211).ListItem.Label]</label2>
                    <texturefocus colordiffuse="$VAR[ColorHighlightVar]" border="8">MenuItemFO.png</texturefocus>
                    <texturenofocus>MenuItemNF.png</texturenofocus>
                </control>
                <control type="button" id="307">
                    <description>Change action</description>
                    <width>1178</width>
                    <height>60</height>
                    <font>font15</font>
                    <textcolor>grey2</textcolor>
                    <focusedcolor>white</focusedcolor>
                    <label>$ADDON[script.skinshortcuts 32027]</label>
                    <label2>$INFO[Container(211).ListItem.Property(displaypath)]</label2>
                    <texturefocus colordiffuse="$VAR[ColorHighlightVar]" border="8">MenuItemFO.png</texturefocus>
                    <texturenofocus>MenuItemNF.png</texturenofocus>
                </control>
                <control type="button" id="405">
                    <description>Edit submenu</description>
                    <width>1178</width>
                    <height>60</height>
                    <font>font15</font>
                    <textcolor>grey2</textcolor>
                    <focusedcolor>white</focusedcolor>
                    <label>Edit Submenu</label>
                    <visible>String.IsEqual(Window.Property(groupname),mainmenu)</visible>
                    <texturefocus colordiffuse="$VAR[ColorHighlightVar]" border="8">MenuItemFO.png</texturefocus>
                    <texturenofocus>MenuItemNF.png</texturenofocus>
                </control>
                <control type="button" id="403">
                    <description>Enable/Disable Single Widget</description>
                    <enable>String.IsEqual(Container(211).ListItem.Property(widgetName),) + String.IsEqual(Container(211).ListItem.Property(widgetName.Widget2),) + String.IsEqual(Container(211).ListItem.Property(widgetName.Widget3),) + String.IsEqual(Container(211).ListItem.Property(widgetName.Widgetsingle),)</enable>
                    <visible>String.IsEqual(Window.Property(groupname),mainmenu)</visible>
                    <width>1178</width>
                    <height>60</height>
                    <font>font15</font>
                    <textcolor>grey2</textcolor>
                    <focusedcolor>white</focusedcolor>
                    <label>Enable/Disable Single Widget</label>
                    <label2>$VAR[SingleWidgetLabel]</label2>
                    <onclick>SetProperty(chooseProperty,SingleWidget)</onclick>
                    <onclick>SendClick(404)</onclick>
                    <texturefocus colordiffuse="$VAR[ColorHighlightVar]" border="8">MenuItemFO.png</texturefocus>
                    <texturenofocus>MenuItemNF.png</texturenofocus>
                </control>
                <!-- Widget Single -->
                <control type="button" id="500">
                    <description>Choose Single Widget</description>
                    <visible>String.IsEqual(Container(211).ListItem.Property(SingleWidget),Enable)</visible>
                    <visible>String.IsEqual(Window.Property(groupname),mainmenu)</visible>
                    <width>1178</width>
                    <height>60</height>
                    <font>font15</font>
                    <textcolor>grey2</textcolor>
                    <focusedcolor>white</focusedcolor>
                    <label>Choose Single Widget</label>
                    <label2>$INFO[Container(211).ListItem.Property(widgetName.Widgetsingle)]</label2>
                    <onclick>SetProperty(widgetID,Widgetsingle)</onclick>
                    <onclick>SendClick(312)</onclick>
                    <texturefocus colordiffuse="$VAR[ColorHighlightVar]" border="8">MenuItemFO.png</texturefocus>
                    <texturenofocus>MenuItemNF.png</texturenofocus>
                </control>
                <control type="button" id="501">
                    <description>Choose Special Items for Widget Single</description>
                    <visible>String.IsEqual(Container(211).ListItem.Property(widgetName.Widgetsingle),Special Items)</visible>
                    <width>1178</width>
                    <height>60</height>
                    <font>font15</font>
                    <textcolor>grey2</textcolor>
                    <focusedcolor>white</focusedcolor>
                    <label>Choose Special Items for Single Widget</label>
                    <onclick>RunScript(script.skinshortcuts,type=manage&amp;group=specialitemswidget)</onclick>
                    <texturefocus colordiffuse="$VAR[ColorHighlightVar]" border="8">MenuItemFO.png</texturefocus>
                    <texturenofocus>MenuItemNF.png</texturenofocus>
                </control>
                <control type="button" id="502">
                    <description>Wide Widgets Single</description>
                    <visible>![String.IsEqual(Container(211).ListItem.Property(widgetName.Widgetsingle),) | String.IsEqual(Container(211).ListItem.Property(widgetName.Widgetsingle),weather) | String.IsEqual(Container(211).ListItem.Property(widgetName.Widgetsingle),settings) | String.IsEqual(Container(211).ListItem.Property(widgetName.Widgetsingle),Special Items) | String.IsEqual(Container(211).ListItem.Property(widgetName.Widgetsingle),Addons) | String.IsEqual(Container(211).ListItem.Property(widgetName.Widgetsingle),System Info)]</visible>
                    <width>1178</width>
                    <height>60</height>
                    <font>font15</font>
                    <textcolor>grey2</textcolor>
                    <focusedcolor>white</focusedcolor>
                    <label>Enable/Disable Wide Layout</label>
                    <label2>$VAR[WideWidgetSingleLabel]</label2>
                    <onclick>SetProperty(chooseProperty,WideWidgetSingle)</onclick>
                    <onclick>SendClick(404)</onclick>
                    <texturefocus colordiffuse="$VAR[ColorHighlightVar]" border="8">MenuItemFO.png</texturefocus>
                    <texturenofocus>MenuItemNF.png</texturenofocus>
                </control>
                <!-- Widget 1 -->
                <control type="button" id="312">
                    <description>Choose widget 1</description>
                    <visible>!String.IsEqual(Container(211).ListItem.Property(SingleWidget),Enable)</visible>
                    <visible>String.IsEqual(Window.Property(groupname),mainmenu)</visible>
                    <width>1178</width>
                    <height>60</height>
                    <font>font15</font>
                    <textcolor>grey2</textcolor>
                    <focusedcolor>white</focusedcolor>
                    <label>Choose 1st Widget</label>
                    <label2>$INFO[Container(211).ListItem.Property(widgetName)]</label2>
                    <texturefocus colordiffuse="$VAR[ColorHighlightVar]" border="8">MenuItemFO.png</texturefocus>
                    <texturenofocus>MenuItemNF.png</texturenofocus>
                </control>
                <control type="button" id="20">
                    <description>Choose Special Items for Widget 1</description>
                    <visible>String.IsEqual(Container(211).ListItem.Property(widgetName),Special Items)</visible>
                    <visible>String.IsEqual(Container(211).ListItem.Property(widgetName.Widget2),)</visible>
                    <width>1178</width>
                    <height>60</height>
                    <font>font15</font>
                    <textcolor>grey2</textcolor>
                    <focusedcolor>white</focusedcolor>
                    <label>Choose Special Items for 1st Widget</label>
                    <onclick>RunScript(script.skinshortcuts,type=manage&amp;group=specialitemswidget)</onclick>
                    <texturefocus colordiffuse="$VAR[ColorHighlightVar]" border="8">MenuItemFO.png</texturefocus>
                    <texturenofocus>MenuItemNF.png</texturenofocus>
                </control>
                <control type="button" id="21">
                    <description>Wide Widgets</description>
                    <visible>![String.IsEqual(Container(211).ListItem.Property(widgetName),) | String.IsEqual(Container(211).ListItem.Property(widgetName),weather) | String.IsEqual(Container(211).ListItem.Property(widgetName),settings) | String.IsEqual(Container(211).ListItem.Property(widgetName),Special Items) | String.IsEqual(Container(211).ListItem.Property(widgetName),Addons) | String.IsEqual(Container(211).ListItem.Property(widgetName),System Info)]</visible>
                    <width>1178</width>
                    <height>60</height>
                    <font>font15</font>
                    <textcolor>grey2</textcolor>
                    <focusedcolor>white</focusedcolor>
                    <label>Enable/Disable Wide Layout for 1st Widget</label>
                    <label2>$VAR[WideWidgetLabel]</label2>
                    <onclick>SetProperty(chooseProperty,WideWidget)</onclick>
                    <onclick>SendClick(404)</onclick>
                    <texturefocus colordiffuse="$VAR[ColorHighlightVar]" border="8">MenuItemFO.png</texturefocus>
                    <texturenofocus>MenuItemNF.png</texturenofocus>
                </control>
                <!-- Widget 2 -->
                <control type="button" id="1494">
                    <description>Choose widget 2</description>
                    <visible>!String.IsEqual(Container(211).ListItem.Property(SingleWidget),Enable)</visible>
                    <visible>String.IsEqual(Window.Property(groupname),mainmenu)</visible>
                    <width>1178</width>
                    <height>60</height>
                    <font>font15</font>
                    <textcolor>grey2</textcolor>
                    <focusedcolor>white</focusedcolor>
                    <label>Choose 2nd Widget</label>
                    <label2>$INFO[Container(211).ListItem.Property(widgetName.Widget2)]</label2>
                    <onclick>SetProperty(widgetID,Widget2)</onclick>
                    <onclick>SendClick(312)</onclick>
                    <texturefocus colordiffuse="$VAR[ColorHighlightVar]" border="8">MenuItemFO.png</texturefocus>
                    <texturenofocus>MenuItemNF.png</texturenofocus>
                </control>
                <control type="button" id="23">
                    <description>Choose Special Items for Widget 2</description>
                    <visible>String.IsEqual(Container(211).ListItem.Property(widgetName.Widget2),Special Items)</visible>
                    <width>1178</width>
                    <height>60</height>
                    <font>font15</font>
                    <textcolor>grey2</textcolor>
                    <focusedcolor>white</focusedcolor>
                    <label>Choose Special Items for 2nd Widget</label>
                    <onclick>RunScript(script.skinshortcuts,type=manage&amp;group=specialitemswidget)</onclick>
                    <texturefocus colordiffuse="$VAR[ColorHighlightVar]" border="8">MenuItemFO.png</texturefocus>
                    <texturenofocus>MenuItemNF.png</texturenofocus>
                </control>
                <control type="button" id="24">
                    <description>Wide Widgets 2</description>
                    <visible>![String.IsEqual(Container(211).ListItem.Property(widgetName.Widget2),) | String.IsEqual(Container(211).ListItem.Property(widgetName.Widget2),weather) | String.IsEqual(Container(211).ListItem.Property(widgetName.Widget2),settings) | String.IsEqual(Container(211).ListItem.Property(widgetName.Widget2),Special Items) | String.IsEqual(Container(211).ListItem.Property(widgetName.Widget2),Addons) | String.IsEqual(Container(211).ListItem.Property(widgetName.Widget2),System Info)]</visible>
                    <width>1178</width>
                    <height>60</height>
                    <font>font15</font>
                    <textcolor>grey2</textcolor>
                    <focusedcolor>white</focusedcolor>
                    <label>Enable/Disable Wide Layout for 2nd Widget</label>
                    <label2>$VAR[WideWidget2Label]</label2>
                    <onclick>SetProperty(chooseProperty,WideWidget2)</onclick>
                    <onclick>SendClick(404)</onclick>
                    <texturefocus colordiffuse="$VAR[ColorHighlightVar]" border="8">MenuItemFO.png</texturefocus>
                    <texturenofocus>MenuItemNF.png</texturenofocus>
                </control>
                <!-- Widget 3 -->
                <control type="button" id="1495">
                    <description>Choose widget 3</description>
                    <visible>!String.IsEqual(Container(211).ListItem.Property(SingleWidget),Enable)</visible>
                    <visible>String.IsEqual(Window.Property(groupname),mainmenu)</visible>
                    <width>1178</width>
                    <height>60</height>
                    <font>font15</font>
                    <textcolor>grey2</textcolor>
                    <focusedcolor>white</focusedcolor>
                    <label>Choose 3rd Widget</label>
                    <label2>$INFO[Container(211).ListItem.Property(widgetName.Widget3)]</label2>
                    <onclick>SetProperty(widgetID,Widget3)</onclick>
                    <onclick>SendClick(312)</onclick>
                    <texturefocus colordiffuse="$VAR[ColorHighlightVar]" border="8">MenuItemFO.png</texturefocus>
                    <texturenofocus>MenuItemNF.png</texturenofocus>
                </control>
                <control type="button" id="33">
                    <description>Choose Special Items for Widget 3</description>
                    <visible>String.IsEqual(Container(211).ListItem.Property(widgetName.Widget3),Special Items)</visible>
                    <width>1178</width>
                    <height>60</height>
                    <font>font15</font>
                    <textcolor>grey2</textcolor>
                    <focusedcolor>white</focusedcolor>
                    <label>Choose Special Items for 3rd Widget</label>
                    <onclick>RunScript(script.skinshortcuts,type=manage&amp;group=specialitemswidget)</onclick>
                    <texturefocus colordiffuse="$VAR[ColorHighlightVar]" border="8">MenuItemFO.png</texturefocus>
                    <texturenofocus>MenuItemNF.png</texturenofocus>
                </control>
                <control type="button" id="34">
                    <description>Wide Widgets 3</description>
                    <visible>![String.IsEqual(Container(211).ListItem.Property(widgetName.Widget3),) | String.IsEqual(Container(211).ListItem.Property(widgetName.Widget3),weather) | String.IsEqual(Container(211).ListItem.Property(widgetName.Widget3),settings) | String.IsEqual(Container(211).ListItem.Property(widgetName.Widget3),Special Items) | String.IsEqual(Container(211).ListItem.Property(widgetName.Widget3),Addons) | String.IsEqual(Container(211).ListItem.Property(widgetName.Widget3),System Info)]</visible>
                    <width>1178</width>
                    <height>60</height>
                    <font>font15</font>
                    <textcolor>grey2</textcolor>
                    <focusedcolor>white</focusedcolor>
                    <label>Enable/Disable Wide Layout for 3rd Widget</label>
                    <label2>$VAR[WideWidget3Label]</label2>
                    <onclick>SetProperty(chooseProperty,WideWidget3)</onclick>
                    <onclick>SendClick(404)</onclick>
                    <texturefocus colordiffuse="$VAR[ColorHighlightVar]" border="8">MenuItemFO.png</texturefocus>
                    <texturenofocus>MenuItemNF.png</texturenofocus>
                </control>
                <!-- Widget 4 -->
                <control type="button" id="1496">
                    <description>Choose widget 3</description>
                    <visible>!String.IsEqual(Container(211).ListItem.Property(SingleWidget),Enable)</visible>
                    <visible>String.IsEqual(Window.Property(groupname),mainmenu)</visible>
                    <width>1178</width>
                    <height>60</height>
                    <font>font15</font>
                    <textcolor>grey2</textcolor>
                    <focusedcolor>white</focusedcolor>
                    <label>Choose 4th Widget</label>
                    <label2>$INFO[Container(211).ListItem.Property(widgetName.Widget4)]</label2>
                    <onclick>SetProperty(widgetID,Widget4)</onclick>
                    <onclick>SendClick(312)</onclick>
                    <texturefocus colordiffuse="$VAR[ColorHighlightVar]" border="8">MenuItemFO.png</texturefocus>
                    <texturenofocus>MenuItemNF.png</texturenofocus>
                </control>
                <control type="button" id="43">
                    <description>Choose Special Items for Widget 4</description>
                    <visible>String.IsEqual(Container(211).ListItem.Property(widgetName.Widget4),Special Items)</visible>
                    <width>1178</width>
                    <height>60</height>
                    <font>font15</font>
                    <textcolor>grey2</textcolor>
                    <focusedcolor>white</focusedcolor>
                    <label>Choose Special Items for 4th Widget</label>
                    <onclick>RunScript(script.skinshortcuts,type=manage&amp;group=specialitemswidget)</onclick>
                    <texturefocus colordiffuse="$VAR[ColorHighlightVar]" border="8">MenuItemFO.png</texturefocus>
                    <texturenofocus>MenuItemNF.png</texturenofocus>
                </control>
                <control type="button" id="44">
                    <description>Wide Widgets 4</description>
                    <visible>![String.IsEqual(Container(211).ListItem.Property(widgetName.Widget4),) | String.IsEqual(Container(211).ListItem.Property(widgetName.Widget4),weather) | String.IsEqual(Container(211).ListItem.Property(widgetName.Widget4),settings) | String.IsEqual(Container(211).ListItem.Property(widgetName.Widget4),Special Items) | String.IsEqual(Container(211).ListItem.Property(widgetName.Widget4),Addons) | String.IsEqual(Container(211).ListItem.Property(widgetName.Widget4),System Info)]</visible>
                    <width>1178</width>
                    <height>60</height>
                    <font>font15</font>
                    <textcolor>grey2</textcolor>
                    <focusedcolor>white</focusedcolor>
                    <label>Enable/Disable Wide Layout for 4th Widget</label>
                    <label2>$VAR[WideWidget4Label]</label2>
                    <onclick>SetProperty(chooseProperty,WideWidget4)</onclick>
                    <onclick>SendClick(404)</onclick>
                    <texturefocus colordiffuse="$VAR[ColorHighlightVar]" border="8">MenuItemFO.png</texturefocus>
                    <texturenofocus>MenuItemNF.png</texturenofocus>
                </control>
                <control type="button" id="303">
                    <description>Move up</description>
                    <width>1178</width>
                    <height>60</height>
                    <font>font15</font>
                    <textcolor>grey2</textcolor>
                    <focusedcolor>white</focusedcolor>
                    <label>$ADDON[script.skinshortcuts 32002]</label>
                    <texturefocus colordiffuse="$VAR[ColorHighlightVar]" border="8">MenuItemFO.png</texturefocus>
                    <texturenofocus>MenuItemNF.png</texturenofocus>
                </control>
                <control type="button" id="304">
                    <description>Move down</description>
                    <width>1178</width>
                    <height>60</height>
                    <font>font15</font>
                    <textcolor>grey2</textcolor>
                    <focusedcolor>white</focusedcolor>
                    <label>$ADDON[script.skinshortcuts 32003]</label>
                    <texturefocus colordiffuse="$VAR[ColorHighlightVar]" border="8">MenuItemFO.png</texturefocus>
                    <texturenofocus>MenuItemNF.png</texturenofocus>
                </control>
            </control>
            <control type="scrollbar" id="60">
                <left>1590</left>
                <top>120</top>
                <width>30</width>
                <height>670</height>
                <texturesliderbackground border="15">scrollbars/scrollbaruni-bg.png</texturesliderbackground>
                <texturesliderbar border="15">scrollbars/scrollbaruni-bar.png</texturesliderbar>
                <texturesliderbarfocus colordiffuse="$VAR[ColorHighlightVar]" border="15">scrollbars/scrollbaruni-bar-focus.png</texturesliderbarfocus>
                <textureslidernib>scrollbars/scrollbaruni-nib.png</textureslidernib>
                <textureslidernibfocus>scrollbars/scrollbaruni-nib.png</textureslidernibfocus>
                <onleft>90001</onleft>
                <onright>90001</onright>
                <showonepage>false</showonepage>
                <orientation>vertical</orientation>
                <visible>Control.IsVisible(90001)</visible>
            </control>
            <control type="group">
                <include content="SettingsFocusGradientSolidHack">
                    <param name="id">90001</param>
                    <param name="top">135</param>
                    <param name="left">405</param>
                    <param name="width">1178</param>
                    <param name="height">60</param>
                    <param name="slide">58</param>
                </include>
            </control>
        </control>
        <!-- 404, for setting custom property -->
        <control type="button" id="404">
            <visible>False</visible>
            <left>-150000</left>
            <top>-150000</top>
            <width>1</width>
            <height>1</height>
            <onclick>noop</onclick>
        </control>
        <include>DimForContextMenu</include>
    </controls>
</window>
