<?xml version="1.0" encoding="UTF-8"?>
<includes>
    <include name="MediaListView3">
        <control type="group">
            <visible>Control.IsVisible(503)</visible>
            <include>Animation.Common</include>
            <include content="NoFloorSlide">
                <param name="contentslide">60</param>
            </include>
            <control type="list" id="503">
                <left>75</left>
                <top>292</top>
                <width>930</width>
                <height>602</height>
                <onleft>2</onleft>
                <onright>60</onright>
                <onup>503</onup>
                <ondown>503</ondown>
                <viewtype label="$LOCALIZE[544] 2">list</viewtype>
                <pagecontrol>60</pagecontrol>
                <scrolltime>200</scrolltime>
                <visible>Container.Content(TVShows) | Container.Content(Seasons) | Container.Content(Episodes) | Container.Content(Movies)</visible>
                <itemlayout height="60" width="870">
                    <control type="label">
                        <left>45</left>
                        <top>0</top>
                        <width>780</width>
                        <height>60</height>
                        <font>font13</font>
                        <textcolor>white</textcolor>
                        <selectedcolor>selected</selectedcolor>
                        <align>left</align>
                        <aligny>center</aligny>
                        <label>$INFO[ListItem.Label]</label>
                    </control>
                    <control type="label">
                        <left>45</left>
                        <top>0</top>
                        <width>750</width>
                        <height>60</height>
                        <font>font12</font>
                        <textcolor>white</textcolor>
                        <selectedcolor>selected</selectedcolor>
                        <align>right</align>
                        <aligny>center</aligny>
                        <label>$INFO[ListItem.Label2]</label>
                        <visible>Window.IsVisible(Videos)</visible>
                        <animation effect="slide" start="0,0" end="60,0" delay="0" time="0" condition="![Container.Content(Movies) | Container.Content(Episodes) | Container.Content(MusicVideos)]">conditional</animation>
                    </control>
                    <control type="image">
                        <left>802</left>
                        <top>12</top>
                        <width>60</width>
                        <height>39</height>
                        <texture>$VAR[MediaInfoOverlayVar]</texture>
                        <aspectratio>keep</aspectratio>
                        <visible>Container.Content(Movies) | Container.Content(Sets) | Container.Content(Episodes) | Container.Content(MusicVideos)</visible>
                    </control>
                    <control type="image">
                        <left>862</left>
                        <top>21</top>
                        <width>24</width>
                        <height>24</height>
                        <texture>OverlayWatching.png</texture>
                        <visible>ListItem.IsResumable</visible>
                    </control>
                    <control type="image">
                        <left>862</left>
                        <top>21</top>
                        <width>24</width>
                        <height>24</height>
                        <texture>$INFO[ListItem.Overlay]</texture>
                        <aspectratio align="left">keep</aspectratio>
                    </control>
                </itemlayout>
                <focusedlayout height="60" width="930">
                    <control type="group">
                        <left>8</left>
                        <top>0</top>
                        <include content="SelectedSolidVar" condition="!Skin.HasSetting(UseOutline)">
                            <param name="width">915</param>
                            <param name="height">62</param>
                        </include>
                        <include content="SelectedOutlineVar" condition="Skin.HasSetting(UseOutline)">
                            <param name="width">915</param>
                            <param name="height">62</param>
                        </include>
                        <include content="UnselectFade">
                            <param name="id">503</param>
                        </include>
                    </control>
                    <control type="image">
                        <left>600</left>
                        <top>8</top>
                        <width>300</width>
                        <height>46</height>
                        <texture border="0,0,21,0">MediaItemDetailBG.png</texture>
                        <visible>Control.HasFocus(503) + !String.IsEmpty(ListItem.Label2)</visible>
                    </control>
                    <control type="label">
                        <left>45</left>
                        <top>0</top>
                        <width>780</width>
                        <height>60</height>
                        <font>font13</font>
                        <textcolor>white</textcolor>
                        <selectedcolor>selected</selectedcolor>
                        <align>left</align>
                        <aligny>center</aligny>
                        <label>$INFO[ListItem.Label]</label>
                    </control>
                    <control type="label">
                        <left>45</left>
                        <top>0</top>
                        <width>750</width>
                        <height>60</height>
                        <font>font12</font>
                        <textcolor>white</textcolor>
                        <selectedcolor>selected</selectedcolor>
                        <align>right</align>
                        <aligny>center</aligny>
                        <label>$INFO[ListItem.Label2]</label>
                        <visible>Window.IsVisible(Videos)</visible>
                        <animation effect="slide" start="0,0" end="60,0" delay="0" time="0" condition="![Container.Content(Movies) | Container.Content(Episodes) | Container.Content(MusicVideos)]">conditional</animation>
                    </control>
                    <control type="image">
                        <left>802</left>
                        <top>12</top>
                        <width>60</width>
                        <height>39</height>
                        <texture>$VAR[MediaInfoOverlayVar]</texture>
                        <aspectratio>keep</aspectratio>
                        <visible>Container.Content(Movies) | Container.Content(Sets) | Container.Content(Episodes) | Container.Content(MusicVideos)</visible>
                    </control>
                    <control type="image">
                        <left>862</left>
                        <top>21</top>
                        <width>24</width>
                        <height>24</height>
                        <texture>OverlayWatching.png</texture>
                        <visible>ListItem.IsResumable</visible>
                    </control>
                    <control type="image">
                        <left>862</left>
                        <top>21</top>
                        <width>24</width>
                        <height>24</height>
                        <texture>$INFO[ListItem.Overlay]</texture>
                        <aspectratio align="left">keep</aspectratio>
                    </control>
                </focusedlayout>
            </control>
            <control type="scrollbar" id="60">
                <include content="ScrollBarPosition">
                    <param name="scrollbarslide">885</param>
                </include>
                <left>982</left>
                <top>270</top>
                <width>30</width>
                <height>648</height>
                <texturesliderbackground border="15">scrollbars/scrollbaruni-bg.png</texturesliderbackground>
                <texturesliderbar border="15">scrollbars/scrollbaruni-bar.png</texturesliderbar>
                <texturesliderbarfocus colordiffuse="$VAR[ColorHighlightVar]" border="15">scrollbars/scrollbaruni-bar-focus.png</texturesliderbarfocus>
                <textureslidernib>scrollbars/scrollbaruni-nib.png</textureslidernib>
                <textureslidernibfocus>scrollbars/scrollbaruni-nib.png</textureslidernibfocus>
                <onleft>503</onleft>
                <onright>2</onright>
                <showonepage>false</showonepage>
                <orientation>vertical</orientation>
                <visible>Control.IsVisible(503)</visible>
            </control>
            <control type="group">
                <left>1065</left>
                <top>292</top>
                <visible>Container.Content(TVShows)</visible>
                <control type="image">
                    <left>0</left>
                    <top>0</top>
                    <width>795</width>
                    <height>165</height>
                    <aspectratio>keep</aspectratio>
                    <fadetime>IconCrossfadeTime</fadetime>
                    <texture background="true">$VAR[BannerThumb]</texture>
                    <bordertexture border="12">ThumbShadow.png</bordertexture>
                    <bordersize>12</bordersize>
                </control>
                <control type="label">
                    <description>Episodes txt</description>
                    <left>15</left>
                    <top>180</top>
                    <width>210</width>
                    <height>38</height>
                    <label>$LOCALIZE[20360]:</label>
                    <align>right</align>
                    <aligny>center</aligny>
                    <font>font12</font>
                    <textcolor>$VAR[ColorHighlightVar]</textcolor>
                </control>
                <control type="label">
                    <description>Episodes Value</description>
                    <left>240</left>
                    <top>180</top>
                    <width>540</width>
                    <height>38</height>
                    <label fallback="416">$INFO[listitem.episode] [COLOR=grey] ($INFO[ListItem.Property(WatchedEpisodes),, $LOCALIZE[16102]] - $INFO[ListItem.Property(UnWatchedEpisodes), , $LOCALIZE[16101]])[/COLOR]</label>
                    <align>left</align>
                    <aligny>center</aligny>
                    <font>font12</font>
                    <scroll>true</scroll>
                </control>
                <control type="label">
                    <description>Aired txt</description>
                    <left>15</left>
                    <top>218</top>
                    <width>210</width>
                    <height>38</height>
                    <label>$LOCALIZE[31322]:</label>
                    <align>right</align>
                    <aligny>center</aligny>
                    <font>font12</font>
                    <textcolor>$VAR[ColorHighlightVar]</textcolor>
                </control>
                <control type="label">
                    <description>Aired Value</description>
                    <left>240</left>
                    <top>218</top>
                    <width>540</width>
                    <height>38</height>
                    <label fallback="416">$INFO[listitem.premiered]</label>
                    <align>left</align>
                    <aligny>center</aligny>
                    <font>font12</font>
                    <scroll>true</scroll>
                </control>
                <control type="label">
                    <description>Genre txt</description>
                    <left>15</left>
                    <top>255</top>
                    <width>210</width>
                    <height>38</height>
                    <label>$LOCALIZE[515]:</label>
                    <align>right</align>
                    <aligny>center</aligny>
                    <font>font12</font>
                    <textcolor>$VAR[ColorHighlightVar]</textcolor>
                </control>
                <control type="fadelabel">
                    <description>Genre Value</description>
                    <left>240</left>
                    <top>255</top>
                    <width>540</width>
                    <height>38</height>
                    <label fallback="416">$INFO[listitem.Genre]</label>
                    <align>left</align>
                    <aligny>center</aligny>
                    <font>font12</font>
                    <scrollout>false</scrollout>
                    <pauseatend>1000</pauseatend>
                </control>
                <control type="image">
                    <left>0</left>
                    <top>300</top>
                    <width>795</width>
                    <height>6</height>
                    <texture>separator.png</texture>
                </control>
                <control type="textbox">
                    <description>Description Value for TVShows</description>
                    <left>15</left>
                    <top>318</top>
                    <width>765</width>
                    <height>282</height>
                    <font>font13</font>
                    <align>justify</align>
                    <textcolor>white</textcolor>
                    <label>$INFO[ListItem.Plot]</label>
                    <autoscroll time="2000" delay="3000" repeat="5000">Skin.HasSetting(AutoScroll)</autoscroll>
                </control>
            </control>
            <control type="group">
                <left>1065</left>
                <top>292</top>
                <visible>Container.Content(Episodes)</visible>
                <control type="image">
                    <left>0</left>
                    <top>0</top>
                    <width>795</width>
                    <height>315</height>
                    <aspectratio>keep</aspectratio>
                    <fadetime>IconCrossfadeTime</fadetime>
                    <texture background="true">$INFO[ListItem.Icon]</texture>
                    <bordertexture border="12">ThumbShadow.png</bordertexture>
                    <bordersize>12</bordersize>
                </control>
                <!--control type="grouplist">
                    <description>Media Codec Flagging Images</description>
                    <left>0</left>
                    <top>315</top>
                    <width>795</width>
                    <align>center</align>
                    <itemgap>3</itemgap>
                    <orientation>horizontal</orientation>
                    <include>VideoCodecFlaggingConditions</include>
                    <include>AudioCodecFlaggingConditions</include>
                    <include>AudioChannelsFlaggingConditions</include>
                    <include>AspectCodecFlaggingConditions</include>
                    <include>VideoStereoscopicsFlaggingConditions</include>
                    <include>VideoTypeHackFlaggingConditions</include>
                </control-->
                <control type="grouplist">
                    <left>0</left>
                    <top>315</top>
                    <width>795</width>
                    <align>center</align>
                    <itemgap>3</itemgap>
                    <orientation>horizontal</orientation>
                    <include content="VideoStereoscopicsFlaggingConditions">
                        <param name="Left">0</param>
                        <param name="Width">94</param>
                        <param name="Height">52</param>
                    </include>
                    <include content="AspectCodecFlaggingConditions">
                        <param name="Left">50</param>
                        <param name="Width">94</param>
                        <param name="Height">52</param>
                    </include>
                    <include content="VideoCodecFlaggingConditions">
                        <param name="Left">100</param>
                        <param name="Left2">150</param>
                        <param name="Width">94</param>
                        <param name="Height">52</param>
                    </include>
                    <include content="AudioCodecFlaggingConditions">
                        <param name="Left">200</param>
                        <param name="Width">94</param>
                        <param name="Height">52</param>
                    </include>
                    <include content="AudioChannelsFlaggingConditions">
                        <param name="Left">250</param>
                        <param name="Width">94</param>
                        <param name="Height">52</param>
                    </include>
                    <include content="VideoTypeHackFlaggingConditions">
                        <param name="Left">300</param>
                        <param name="Width">94</param>
                        <param name="Height">52</param>
                    </include>
                </control>
                <control type="label">
                    <description>INFO txt</description>
                    <left>15</left>
                    <top>368</top>
                    <width>765</width>
                    <height>45</height>
                    <label>[COLOR=$VAR[ColorHighlightVar]]$INFO[ListItem.Season, $LOCALIZE[20373] : ] $INFO[ListItem.episode, $LOCALIZE[20359] : ] $INFO[ListItem.premiered, $LOCALIZE[31322] : ][/COLOR]</label>
                    <align>center</align>
                    <aligny>center</aligny>
                    <font>font12</font>
                    <textcolor>white</textcolor>
                    <shadowcolor>black</shadowcolor>
                    <wrapmultiline>true</wrapmultiline>
                </control>
                <control type="image">
                    <left>0</left>
                    <top>412</top>
                    <width>795</width>
                    <height>6</height>
                    <texture>separator.png</texture>
                </control>
                <control type="textbox">
                    <description>Description Value for TVShows</description>
                    <left>15</left>
                    <top>423</top>
                    <width>765</width>
                    <height>177</height>
                    <font>font13</font>
                    <align>justify</align>
                    <textcolor>white</textcolor>
                    <label>$INFO[ListItem.Plot]</label>
                    <autoscroll time="2000" delay="3000" repeat="5000">Skin.HasSetting(AutoScroll)</autoscroll>
                </control>
            </control>
            <control type="group">
                <left>1065</left>
                <top>292</top>
                <visible>Container.Content(Seasons)</visible>
                <control type="image">
                    <left>0</left>
                    <top>0</top>
                    <width>390</width>
                    <height>532</height>
                    <aspectratio>keep</aspectratio>
                    <fadetime>IconCrossfadeTime</fadetime>
                    <texture background="true">$INFO[ListItem.Icon]</texture>
                    <bordertexture border="12">ThumbShadow.png</bordertexture>
                    <bordersize>12</bordersize>
                </control>
                <control type="textbox">
                    <description>Description Value for Seasons</description>
                    <left>405</left>
                    <top>3</top>
                    <width>375</width>
                    <height>530</height>
                    <font>font13</font>
                    <align>justify</align>
                    <textcolor>white</textcolor>
                    <label>$INFO[Container.ShowPlot]</label>
                    <autoscroll time="2000" delay="3000" repeat="5000">Skin.HasSetting(AutoScroll)</autoscroll>
                    <visible>Container.Content(Seasons)</visible>
                </control>
                <control type="label">
                    <description>Watched Count</description>
                    <left>15</left>
                    <top>555</top>
                    <width>765</width>
                    <height>38</height>
                    <label>[COLOR=$VAR[ColorHighlightVar]]$LOCALIZE[20360]:[/COLOR] $INFO[ListItem.Property(WatchedEpisodes),(,) $LOCALIZE[16102]] $INFO[ListItem.Property(UnWatchedEpisodes),(,) $LOCALIZE[16101]]</label>
                    <align>center</align>
                    <aligny>center</aligny>
                    <font>font12</font>
                    <textcolor>white</textcolor>
                    <shadowcolor>black</shadowcolor>
                </control>
            </control>
            <control type="group">
                <left>1065</left>
                <top>292</top>
                <visible>Container.Content(Movies)</visible>
                <control type="image">
                    <left>0</left>
                    <top>0</top>
                    <width>390</width>
                    <height>532</height>
                    <aspectratio>keep</aspectratio>
                    <fadetime>IconCrossfadeTime</fadetime>
                    <texture background="true">$VAR[PosterThumb]</texture>
                    <bordertexture border="12">ThumbShadow.png</bordertexture>
                    <bordersize>12</bordersize>
                </control>
                <control type="grouplist">
                    <description>Media Codec Flagging Images</description>
                    <left>0</left>
                    <top>548</top>
                    <width>795</width>
                    <align>center</align>
                    <itemgap>3</itemgap>
                    <orientation>horizontal</orientation>
                    <include>VideoCodecFlaggingConditions</include>
                    <include>AudioCodecFlaggingConditions</include>
                    <include>AudioChannelsFlaggingConditions</include>
                    <include>AspectCodecFlaggingConditions</include>
                    <include>VideoStereoscopicsFlaggingConditions</include>
                    <include>VideoTypeHackFlaggingConditions</include>
                </control>
                <control type="textbox">
                    <description>Description Value for Movie</description>
                    <left>405</left>
                    <top>3</top>
                    <width>375</width>
                    <height>530</height>
                    <font>font13</font>
                    <align>justify</align>
                    <textcolor>white</textcolor>
                    <label>$INFO[ListItem.Plot]</label>
                    <autoscroll time="2000" delay="3000" repeat="5000">Skin.HasSetting(AutoScroll)</autoscroll>
                </control>
            </control>
        </control>
    </include>
</includes>
