<?xml version="1.0" encoding="UTF-8"?>
<includes>
    <include name="CommonRootView">
        <control type="group">
            <include content="NoFloorSlide">
                <param name="contentslide">60</param>
            </include>
            <visible>Control.IsVisible(50)</visible>
            <include>Animation.Common</include>
            <control type="list" id="50">
                <left>82</left>
                <top>117</top>
                <width>1125</width>
                <height>782</height>
                <onleft>2</onleft>
                <onright>60</onright>
                <onup>50</onup>
                <ondown>50</ondown>
                <viewtype label="535">list</viewtype>
                <pagecontrol>60</pagecontrol>
                <scrolltime>200</scrolltime>
                <itemlayout height="60" width="1125">
                    <control type="label">
                        <left>30</left>
                        <top>0</top>
                        <width>870</width>
                        <height>60</height>
                        <font>font13</font>
                        <textcolor>white</textcolor>
                        <selectedcolor>selected</selectedcolor>
                        <align>left</align>
                        <aligny>center</aligny>
                        <label>$INFO[ListItem.Label]</label>
                    </control>
                    <control type="label">
                        <left>420</left>
                        <top>0</top>
                        <width>600</width>
                        <height>60</height>
                        <font>font12</font>
                        <textcolor>white</textcolor>
                        <selectedcolor>selected</selectedcolor>
                        <align>right</align>
                        <aligny>center</aligny>
                        <label>$INFO[ListItem.Label2]</label>
                        <visible>!Window.IsVisible(Videos)</visible>
                    </control>
                    <control type="label">
                        <left>375</left>
                        <top>0</top>
                        <width>600</width>
                        <height>60</height>
                        <font>font12</font>
                        <textcolor>white</textcolor>
                        <selectedcolor>selected</selectedcolor>
                        <align>right</align>
                        <aligny>center</aligny>
                        <label>$INFO[ListItem.Label2]</label>
                        <visible>Window.IsVisible(Videos)</visible>
                        <animation effect="slide" start="0,0" end="60,0" delay="0" time="0" condition="![Container.Content(Movies) | Container.Content(Episodes) | Container.Content(MusicVideos)]">conditional</animation>
                    </control>
                    <control type="image">
                        <left>975</left>
                        <top>12</top>
                        <width>60</width>
                        <height>39</height>
                        <texture>$VAR[MediaInfoOverlayVar]</texture>
                        <aspectratio>keep</aspectratio>
                        <visible>Window.IsVisible(Videos) + [Container.Content(Movies) | Container.Content(Sets) | Container.Content(Episodes) | Container.Content(MusicVideos)]</visible>
                    </control>
                    <control type="image">
                        <left>1050</left>
                        <top>21</top>
                        <width>24</width>
                        <height>24</height>
                        <texture>OverlayWatching.png</texture>
                        <visible>Window.IsVisible(Videos) + ListItem.IsResumable</visible>
                    </control>
                    <control type="image">
                        <left>1050</left>
                        <top>21</top>
                        <width>30</width>
                        <height>24</height>
                        <texture>$INFO[ListItem.Overlay]</texture>
                        <aspectratio>keep</aspectratio>
                        <visible>Window.IsVisible(Videos)</visible>
                    </control>
                </itemlayout>
                <focusedlayout height="60" width="1125">
                    <control type="group">
                        <left>0</left>
                        <top>0</top>
                        <include content="SelectedSolidVar" condition="!Skin.HasSetting(UseOutline)">
                            <param name="width">1110</param>
                            <param name="height">62</param>
                        </include>
                        <include content="SelectedOutlineVar" condition="Skin.HasSetting(UseOutline)">
                            <param name="width">1110</param>
                            <param name="height">62</param>
                        </include>
                        <include content="UnselectFade">
                            <param name="id">50</param>
                        </include>
                    </control>
                    <control type="image">
                        <left>735</left>
                        <top>8</top>
                        <width>300</width>
                        <height>46</height>
                        <texture border="0,0,21,0">MediaItemDetailBG.png</texture>
                        <visible>Control.HasFocus(50) + !String.IsEmpty(ListItem.Label2)</visible>
                    </control>
                    <control type="label">
                        <left>30</left>
                        <top>0</top>
                        <width>870</width>
                        <height>60</height>
                        <font>font13</font>
                        <textcolor>white</textcolor>
                        <selectedcolor>selected</selectedcolor>
                        <align>left</align>
                        <aligny>center</aligny>
                        <label>$INFO[ListItem.Label]</label>
                    </control>
                    <control type="label">
                        <left>420</left>
                        <top>0</top>
                        <width>600</width>
                        <height>60</height>
                        <font>font12</font>
                        <textcolor>white</textcolor>
                        <selectedcolor>selected</selectedcolor>
                        <align>right</align>
                        <aligny>center</aligny>
                        <label>$INFO[ListItem.Label2]</label>
                        <visible>!Window.IsVisible(Videos)</visible>
                    </control>
                    <control type="label">
                        <left>375</left>
                        <top>0</top>
                        <width>600</width>
                        <height>60</height>
                        <font>font12</font>
                        <textcolor>white</textcolor>
                        <selectedcolor>selected</selectedcolor>
                        <align>right</align>
                        <aligny>center</aligny>
                        <label>$INFO[ListItem.Label2]</label>
                        <visible>Window.IsVisible(Videos)</visible>
                        <animation effect="slide" start="0,0" end="60,0" delay="0" time="0" condition="![Container.Content(Movies) | Container.Content(Episodes) | Container.Content(MusicVideos)]">conditional</animation>
                    </control>
                    <control type="image">
                        <left>975</left>
                        <top>12</top>
                        <width>60</width>
                        <height>39</height>
                        <texture>$VAR[MediaInfoOverlayVar]</texture>
                        <aspectratio>keep</aspectratio>
                        <visible>Window.IsVisible(Videos) + [Container.Content(Movies) | Container.Content(Sets) | Container.Content(Episodes) | Container.Content(MusicVideos)]</visible>
                    </control>
                    <control type="image">
                        <left>1050</left>
                        <top>21</top>
                        <width>24</width>
                        <height>24</height>
                        <texture>OverlayWatching.png</texture>
                        <visible>Window.IsVisible(Videos) + ListItem.IsResumable</visible>
                    </control>
                    <control type="image">
                        <left>1050</left>
                        <top>21</top>
                        <width>30</width>
                        <height>24</height>
                        <texture>$INFO[ListItem.Overlay]</texture>
                        <aspectratio>keep</aspectratio>
                        <visible>Window.IsVisible(Videos)</visible>
                    </control>
                </focusedlayout>
            </control>
            <control type="scrollbar" id="60">
                <include content="ScrollBarPosition">
                    <param name="scrollbarslide">668</param>
                </include>
                <left>1180</left>
                <top>88</top>
                <width>30</width>
                <height>844</height>
                <texturesliderbackground border="15">scrollbars/scrollbaruni-bg.png</texturesliderbackground>
                <texturesliderbar border="15">scrollbars/scrollbaruni-bar.png</texturesliderbar>
                <texturesliderbarfocus colordiffuse="$VAR[ColorHighlightVar]" border="15">scrollbars/scrollbaruni-bar-focus.png</texturesliderbarfocus>
                <textureslidernib>scrollbars/scrollbaruni-nib.png</textureslidernib>
                <textureslidernibfocus>scrollbars/scrollbaruni-nib.png</textureslidernibfocus>
                <onleft>50</onleft>
                <onright>2</onright>
                <visible>Control.IsVisible(50)</visible>
                <showonepage>false</showonepage>
                <orientation>vertical</orientation>
            </control>
            <control type="group">
                <depth>DepthContent-</depth>
                <left>1275</left>
                <top>105</top>
                <visible>Control.IsVisible(50)</visible>
                <control type="image">
                    <left>0</left>
                    <top>0</top>
                    <width>540</width>
                    <height>810</height>
                    <aspectratio aligny="bottom">keep</aspectratio>
                    <fadetime>IconCrossfadeTime</fadetime>
                    <texture background="true">$VAR[PosterThumb]</texture>
                    <bordertexture border="12">ThumbShadow.png</bordertexture>
                    <bordersize>12</bordersize>
                </control>
                <control type="image">
                    <left>12</left>
                    <top>798</top>
                    <width>516</width>
                    <height>786</height>
                    <aspectratio aligny="top">keep</aspectratio>
                    <fadetime>IconCrossfadeTime</fadetime>
                    <texture diffuse="diffuse_mirror3.png" flipy="true" background="true">$VAR[PosterThumb]</texture>
                </control>
            </control>
        </control>
    </include>
    <include name="ThumbnailView">
        <control type="group">
            <include content="NoFloorSlide">
                <param name="contentslide">60</param>
            </include>
            <visible>Control.IsVisible(500)</visible>
            <include>Animation.Common</include>
            <control type="panel" id="500">
                <left>135</left>
                <top>75</top>
                <width>1620</width>
                <height>837</height>
                <onleft>2</onleft>
                <onright>60</onright>
                <onup>500</onup>
                <ondown>500</ondown>
                <viewtype label="21371">list</viewtype>
                <pagecontrol>60</pagecontrol>
                <scrolltime>200</scrolltime>
                <preloaditems>2</preloaditems>
                <itemlayout condition="!Container.Content(Movies) + !Container.Content(Seasons) + !Container.Content(TVShows) + !Container.Content(Sets)" height="279" width="324">
                    <control type="image">
                        <left>1</left>
                        <top>0</top>
                        <width>321</width>
                        <height>240</height>
                        <bordersize>8</bordersize>
                        <texture background="true">$VAR[PosterThumb]</texture>
                        <aspectratio>keep</aspectratio>
                    </control>
                    <control type="label">
                        <left>12</left>
                        <top>240</top>
                        <width>300</width>
                        <height>38</height>
                        <font>font12</font>
                        <textcolor>white</textcolor>
                        <selectedcolor>selected</selectedcolor>
                        <align>center</align>
                        <aligny>center</aligny>
                        <info>ListItem.Label</info>
                    </control>
                    <control type="image">
                        <left>255</left>
                        <top>195</top>
                        <width>45</width>
                        <height>45</height>
                        <aspectratio>keep</aspectratio>
                        <texture>$INFO[ListItem.Overlay]</texture>
                    </control>
                </itemlayout>
                <focusedlayout condition="!Container.Content(Movies) + !Container.Content(Seasons) + !Container.Content(TVShows) + !Container.Content(Sets)" height="279" width="324">
                    <control type="group">
                		<include content="SelectedSolidVar" condition="!Skin.HasSetting(UseOutline)">
                            <param name="width">321</param>
                            <param name="height">240</param>
                        </include>
                        <include content="SelectedOutlineVar" condition="Skin.HasSetting(UseOutline)">
                            <param name="width">321</param>
                            <param name="height">240</param>
                        </include>
			        </control>
                    <control type="image">
                        <left>1</left>
                        <top>0</top>
                        <width>321</width>
                        <height>240</height>
                        <bordersize>8</bordersize>
                        <texture background="true">$VAR[PosterThumb]</texture>
                        <aspectratio>keep</aspectratio>
                    </control>
                    <control type="label">
                        <left>12</left>
                        <top>240</top>
                        <width>300</width>
                        <height>38</height>
                        <font>font12</font>
                        <textcolor>white</textcolor>
                        <selectedcolor>selected</selectedcolor>
                        <align>center</align>
                        <aligny>center</aligny>
                        <info>ListItem.Label</info>
                    </control>
                    <control type="image">
                        <left>255</left>
                        <top>195</top>
                        <width>45</width>
                        <height>45</height>
                        <aspectratio>keep</aspectratio>
                        <texture>$INFO[ListItem.Overlay]</texture>
                    </control>
                </focusedlayout>
                <itemlayout condition="Container.Content(Movies) | Container.Content(Seasons) | Container.Content(TVShows) | Container.Content(Sets)" height="418" width="324">
                    <control type="image">
                        <left>35</left>
                        <top>0</top>
                        <width>255</width>
                        <height>360</height>
                        <bordersize>8</bordersize>
                        <texture background="true">$VAR[PosterThumb]</texture>
                        <aspectratio>scale</aspectratio>
                    </control>
                    <control type="label">
                        <left>12</left>
                        <top>360</top>
                        <width>300</width>
                        <height>38</height>
                        <font>font12</font>
                        <textcolor>white</textcolor>
                        <selectedcolor>selected</selectedcolor>
                        <align>center</align>
                        <aligny>center</aligny>
                        <info>ListItem.Label</info>
                    </control>
                    <control type="image">
                        <left>255</left>
                        <top>315</top>
                        <width>45</width>
                        <height>45</height>
                        <aspectratio>keep</aspectratio>
                        <texture>$INFO[ListItem.Overlay]</texture>
                    </control>
                    <control type="image">
                        <left>255</left>
                        <top>315</top>
                        <width>45</width>
                        <height>45</height>
                        <texture>OverlayWatching.png</texture>
                        <visible>Window.IsVisible(Videos) + ListItem.IsResumable</visible>
                    </control>
                </itemlayout>
                <focusedlayout condition="Container.Content(Movies) | Container.Content(Seasons) | Container.Content(TVShows) | Container.Content(Sets)" height="418" width="324">
			        <control type="group">
			        	<left>35</left>
                        <top>0</top>
                    	<include content="SelectedSolidVar" condition="!Skin.HasSetting(UseOutline)">
                            <param name="width">255</param>
                            <param name="height">360</param>
                        </include>
                        <include content="SelectedOutlineVar" condition="Skin.HasSetting(UseOutline)">
                            <param name="width">255</param>
                            <param name="height">360</param>
                        </include>
			        </control>
                    <control type="image">
                        <left>35</left>
                        <top>0</top>
                        <width>255</width>
                        <height>360</height>
                        <bordersize>8</bordersize>
                        <texture background="true">$VAR[PosterThumb]</texture>
                        <aspectratio>scale</aspectratio>
                    </control>
                    <control type="label">
                        <left>12</left>
                        <top>360</top>
                        <width>300</width>
                        <height>38</height>
                        <font>font12</font>
                        <textcolor>white</textcolor>
                        <selectedcolor>selected</selectedcolor>
                        <align>center</align>
                        <aligny>center</aligny>
                        <info>ListItem.Label</info>
                    </control>
                    <control type="image">
                        <left>255</left>
                        <top>315</top>
                        <width>45</width>
                        <height>45</height>
                        <aspectratio>keep</aspectratio>
                        <texture>$INFO[ListItem.Overlay]</texture>
                    </control>
                    <control type="image">
                        <left>255</left>
                        <top>315</top>
                        <width>45</width>
                        <height>45</height>
                        <texture>OverlayWatching.png</texture>
                        <visible>Window.IsVisible(Videos) + ListItem.IsResumable</visible>
                    </control>
                </focusedlayout>
            </control>
            <control type="scrollbar" id="60">
                <include content="ScrollBarPosition">
                    <param name="scrollbarslide">90</param>
                </include>
                <left>1755</left>
                <top>75</top>
                <width>30</width>
                <height>825</height>
                <texturesliderbackground border="15">scrollbars/scrollbaruni-bg.png</texturesliderbackground>
                <texturesliderbar border="15">scrollbars/scrollbaruni-bar.png</texturesliderbar>
                <texturesliderbarfocus colordiffuse="$VAR[ColorHighlightVar]" border="15">scrollbars/scrollbaruni-bar-focus.png</texturesliderbarfocus>
                <textureslidernib>scrollbars/scrollbaruni-nib.png</textureslidernib>
                <textureslidernibfocus>scrollbars/scrollbaruni-nib.png</textureslidernibfocus>
                <onleft>500</onleft>
                <onright>2</onright>
                <showonepage>false</showonepage>
                <orientation>vertical</orientation>
                <visible>Control.IsVisible(500)</visible>
            </control>
        </control>
    </include>
    <include name="FullWidthList">
        <control type="group">
            <include content="NoFloorSlide">
                <param name="contentslide">60</param>
            </include>
            <visible>Control.IsVisible(51)</visible>
            <include>Animation.Common</include>
            <control type="list" id="51">
                <left>120</left>
                <top>60</top>
                <width>1680</width>
                <height>842</height>
                <onleft>2</onleft>
                <onright>60</onright>
                <onup>51</onup>
                <ondown>51</ondown>
                <viewtype label="537">list</viewtype>
                <pagecontrol>60</pagecontrol>
                <scrolltime>200</scrolltime>
                <itemlayout height="60" width="1620">
                    <control type="label">
                        <left>45</left>
                        <top>0</top>
                        <width>1425</width>
                        <height>60</height>
                        <font>font13</font>
                        <textcolor>white</textcolor>
                        <selectedcolor>selected</selectedcolor>
                        <align>left</align>
                        <aligny>center</aligny>
                        <label>$INFO[ListItem.Label]</label>
                    </control>
                    <control type="label">
                        <left>45</left>
                        <top>0</top>
                        <width>1500</width>
                        <height>60</height>
                        <font>font12</font>
                        <textcolor>white</textcolor>
                        <selectedcolor>selected</selectedcolor>
                        <align>right</align>
                        <aligny>center</aligny>
                        <label>$INFO[ListItem.Label2]</label>
                        <visible>!Window.IsVisible(Videos)</visible>
                    </control>
                    <control type="label">
                        <left>45</left>
                        <top>0</top>
                        <width>1410</width>
                        <height>60</height>
                        <font>font12</font>
                        <textcolor>white</textcolor>
                        <selectedcolor>selected</selectedcolor>
                        <align>right</align>
                        <aligny>center</aligny>
                        <label>$INFO[ListItem.Label2]</label>
                        <visible>Window.IsVisible(Videos)</visible>
                        <animation effect="slide" start="0,0" end="60,0" delay="0" time="0" condition="![Container.Content(Movies) | Container.Content(Episodes) | Container.Content(MusicVideos)]">conditional</animation>
                    </control>
                    <control type="image">
                        <left>1515</left>
                        <top>12</top>
                        <width>60</width>
                        <height>39</height>
                        <texture>$VAR[MediaInfoOverlayVar]</texture>
                        <aspectratio>keep</aspectratio>
                        <visible>Window.IsVisible(Videos) + [Container.Content(Movies) | Container.Content(Sets) | Container.Content(Episodes) | Container.Content(MusicVideos)]</visible>
                    </control>
                    <control type="image">
                        <left>1575</left>
                        <top>21</top>
                        <width>24</width>
                        <height>24</height>
                        <texture>OverlayWatching.png</texture>
                        <visible>Window.IsVisible(Videos) + ListItem.IsResumable</visible>
                    </control>
                    <control type="image">
                        <left>1575</left>
                        <top>21</top>
                        <width>30</width>
                        <height>24</height>
                        <texture>$INFO[ListItem.Overlay]</texture>
                        <aspectratio>keep</aspectratio>
                        <visible>Window.IsVisible(Videos)</visible>
                    </control>
                </itemlayout>
                <focusedlayout height="60" width="1680">
                    <control type="group">
                        <left>0</left>
                        <top>0</top>
                        <include content="SelectedSolidVar" condition="!Skin.HasSetting(UseOutline)">
                            <param name="width">1680</param>
                            <param name="height">62</param>
                        </include>
                        <include content="SelectedOutlineVar" condition="Skin.HasSetting(UseOutline)">
                            <param name="width">1680</param>
                            <param name="height">62</param>
                        </include>
                        <include content="UnselectFade">
                            <param name="id">51</param>
                        </include>
                    </control>
                    <control type="image">
                        <left>1312</left>
                        <top>8</top>
                        <width>300</width>
                        <height>46</height>
                        <texture border="0,0,21,0">MediaItemDetailBG.png</texture>
                        <visible>Control.HasFocus(51) + !String.IsEmpty(ListItem.Label2)</visible>
                    </control>
                    <control type="label">
                        <left>45</left>
                        <top>0</top>
                        <width>1425</width>
                        <height>60</height>
                        <font>font13</font>
                        <textcolor>white</textcolor>
                        <selectedcolor>selected</selectedcolor>
                        <align>left</align>
                        <aligny>center</aligny>
                        <label>$INFO[ListItem.Label]</label>
                    </control>
                    <control type="label">
                        <left>45</left>
                        <top>0</top>
                        <width>1500</width>
                        <height>60</height>
                        <font>font12</font>
                        <textcolor>white</textcolor>
                        <selectedcolor>selected</selectedcolor>
                        <align>right</align>
                        <aligny>center</aligny>
                        <label>$INFO[ListItem.Label2]</label>
                        <visible>!Window.IsVisible(Videos)</visible>
                    </control>
                    <control type="label">
                        <left>45</left>
                        <top>0</top>
                        <width>1410</width>
                        <height>60</height>
                        <font>font12</font>
                        <textcolor>white</textcolor>
                        <selectedcolor>selected</selectedcolor>
                        <align>right</align>
                        <aligny>center</aligny>
                        <label>$INFO[ListItem.Label2]</label>
                        <visible>Window.IsVisible(Videos)</visible>
                        <animation effect="slide" start="0,0" end="60,0" delay="0" time="0" condition="![Container.Content(Movies) | Container.Content(Episodes) | Container.Content(MusicVideos)]">conditional</animation>
                    </control>
                    <control type="image">
                        <left>1515</left>
                        <top>12</top>
                        <width>60</width>
                        <height>39</height>
                        <texture>$VAR[MediaInfoOverlayVar]</texture>
                        <aspectratio>keep</aspectratio>
                        <visible>Window.IsVisible(Videos) + [Container.Content(Movies) | Container.Content(Sets) | Container.Content(Episodes) | Container.Content(MusicVideos)]</visible>
                    </control>
                    <control type="image">
                        <left>1575</left>
                        <top>21</top>
                        <width>24</width>
                        <height>24</height>
                        <texture>OverlayWatching.png</texture>
                        <visible>Window.IsVisible(Videos) + ListItem.IsResumable</visible>
                    </control>
                    <control type="image">
                        <left>1575</left>
                        <top>21</top>
                        <width>30</width>
                        <height>24</height>
                        <texture>$INFO[ListItem.Overlay]</texture>
                        <aspectratio>keep</aspectratio>
                        <visible>Window.IsVisible(Videos)</visible>
                    </control>
                </focusedlayout>
            </control>
            <control type="scrollbar" id="60">
                <include content="ScrollBarPosition">
                    <param name="scrollbarslide">90</param>
                </include>
                <left>1790</left>
                <top>44</top>
                <width>30</width>
                <height>890</height>
                <texturesliderbackground border="15">scrollbars/scrollbaruni-bg.png</texturesliderbackground>
                <texturesliderbar border="15">scrollbars/scrollbaruni-bar.png</texturesliderbar>
                <texturesliderbarfocus colordiffuse="$VAR[ColorHighlightVar]" border="15">scrollbars/scrollbaruni-bar-focus.png</texturesliderbarfocus>
                <textureslidernib>scrollbars/scrollbaruni-nib.png</textureslidernib>
                <textureslidernibfocus>scrollbars/scrollbaruni-nib.png</textureslidernibfocus>
                <onleft>50</onleft>
                <onright>2</onright>
                <showonepage>false</showonepage>
                <orientation>vertical</orientation>
                <visible>Control.IsVisible(51)</visible>
            </control>
        </control>
    </include>
</includes>
