<?xml version="1.0" encoding="UTF-8"?>
<addon id="plugin.video.furkit" version="1.2.16" name="Furk It" provider-name="Furk It">
    <requires>
        <import addon="script.module.requests" version="2.3.0"/>
        <import addon="script.module.beautifulsoup4" version="0.6.0"/>
        <import addon="script.furkit.artwork" version="1.0.0"/>
        <import addon="script.module.resolveurl" version="1.0.0"/>
        <import addon="script.module.furkitscrapers" version="0.0.0.1" />
    </requires>
    <extension point="xbmc.python.pluginsource"
               library="furkit.py">
        <provides>audio video</provides>
    </extension>
    <extension point="xbmc.service"
                library="service.py" start="startup">
    </extension>
    <extension point="xbmc.addon.metadata">
        <summary>
            Furk.net account and media access.
        </summary>
        <description>
            Furk.net account and media access.
        </description>
        <platform>all</platform>
        <minversion>29000</minversion>
        <disclaimer>
            You must have an account at www.furk.net for this addon to function fully.
        </disclaimer>
        <news>
[COLOR dodgerblue][B]Version 1.2.16[/B][/COLOR]
- Added furk max filesize for results (excludes PACK results). Furk and Easynews now have max filesize settings.
- Actor/Actress search results now sorted Alphabetically.
- Added "Jump To..." for all Trakt Lists (Personal, Liked, Watchlist, Collection), Actor Search results, Kodi Library, Favourites, Subscriptions, Watched. Replaces 'Go To Page...'.
- [B]###INFO FOR JUMP TO...:###[/B]
    - 'Jump to List Navigation' setting added to General tab. Choice is 'Page' or 'Alphabet'.
    - 'Page Numbers' allows you to Jump To a specific page in the list.
    - 'Letters' allow you to jump to the first instance of a listing beginning with that letter.
    - 'Jump To...' only appears if more than 1 page present in list. It does not appear for regular browsing lists like Trending/Popular etc.
        </news>
    </extension>
</addon>

