<?xml version="1.0" encoding="UTF-8"?>
<addon id="plugin.video.furkit" version="1.2.26" name="Furk It" provider-name="Furk It">
    <requires>
        <import addon="script.module.requests" version="2.3.0"/>
        <import addon="script.module.beautifulsoup4" version="0.6.0"/>
        <import addon="script.furkit.artwork" version="1.0.0"/>
        <import addon="script.module.furkitscrapers" version="1.0.0" />
        <import addon="script.module.furkitmeta" version="1.0.0" />
        <import addon="script.module.resolveurl" version="1.0.0"/>
    </requires>
    <extension point="xbmc.python.pluginsource" library="furkit.py">
        <provides>audio video</provides>
    </extension>
    <extension point="xbmc.service" library="service.py" start="startup">
    </extension>
    <extension point="xbmc.addon.metadata">
        <summary>
            Furk.net account and media access.
        </summary>
        <description>
            Furk.net account and media access.
        </description>
        <platform>all</platform>
        <disclaimer>
            You must have an account at www.furk.net for this addon to function fully.
        </disclaimer>
        <license>GNU GENERAL PUBLIC LICENSE. Version 3, 29 June 2007</license>
        <assets>
            <icon>icon.png</icon>
            <fanart>fanart.png</fanart>
        </assets>
        <news>
[COLOR dodgerblue][B]Version 1.2.26[/B][/COLOR]
- 'Dialog' results display now shows simple results pop-up, instead of extra info like poster etc to speed up the showing of results when 'Dialog' chosen.
- New setting in General/Navigation to enable/disable Kodi's built-in 'cacheToDisc' function. (Enabled by default)
- [B]###INFO FOR cacheToDisc...:###[/B]
    - cacheToDisc is a Kodi setting that makes Kodi cache the directory you are viewing. If you then hit 'next page', and load the next page of entries, then Kodi has the previous page cached so if you hit 'back' it won't need to remake the list items again. It makes backing out of a list of pages quicker.
    - A bug in Kodi 18 means that the cacheToDisc of previous pages don't keep their watched status, meaning any watched media will all of a sudden not display the watched indicator when navigating back to them. Disabling 'cacheToDisc' will fix that, with the trade-off that backing out of pages of media will be slower.
    - This setting does not affect Furk It's caching of information, it just stops Kodi caching pages as you browse. 
        </news>
    </extension>
</addon>

