<?xml version="1.0" encoding="UTF-8"?>
<window>
    <defaultcontrol always="true">10</defaultcontrol>
    <animation type="WindowOpen" reversible="false">
        <effect type="fade" start="0" end="100" time="150" tween="sine" easing="in" />
        <effect type="zoom" start="0" end="100" time="150" center="auto" tween="quadratic" easing="out" />
    </animation>
    <controls>
        <control type="image">
            <height>1080</height>
            <width>1920</width>
            <texture colordiffuse="BF000000">common/white.png</texture>
            <animation type="WindowOpen" reversible="false">
                <effect type="fade" start="0" end="85" time="250" tween="sine" easing="in" />
            </animation>
        </control>
        <control type="group">
            <left>510</left>
            <top>317</top>
            <control type="group">
                <left>5</left>
                <top>5</top>
                <control type="image">
                    <left>260</left>
                    <height>390</height>
                    <width>630</width>
                    <aspectratio aligny="top">scale</aspectratio>
                    <texture>$INFO[Window.Property(tikiskins.fanart)]</texture>
                </control>
                <control type="image">
                    <left>-5</left>
                    <top>-5</top>
                    <height>460</height>
                    <width>900</width>
                    <texture colordiffuse="D9000000">common/white.png</texture>
                </control>
                <control type="image">
                    <left>845</left>
                    <top>5</top>
                    <width>40</width>
                    <height>40</height>
                    <align>right</align>
                    <aligny>top</aligny>
                    <aspectratio aligny="top">keep</aspectratio>
                    <texture colordiffuse="B3CCCCCC">common/fen.png</texture>
                </control>
                <control type="image">
                    <width>260</width>
                    <height>390</height>
                    <aspectratio>scale</aspectratio>
                    <aspectratio aligny="top">stretch</aspectratio>
                    <texture>$INFO[Window.Property(tikiskins.poster)]</texture>
                </control>
                <control type="image">
                    <top>5</top>
                    <left>260</left>
                    <height max="130">auto</height>
                    <width max="600">auto</width>
                    <aligny>center</aligny>
                    <align>center</align>
                    <aspectratio>keep</aspectratio>
                    <texture>$INFO[Window.Property(tikiskins.clearlogo)]</texture>
                    <visible>!String.IsEmpty(Window.Property(tikiskins.clearlogo))</visible>
                </control>
                <control type="label">
                    <top>40</top>
                    <left>280</left>
                    <width>600</width>
                    <height>20</height>
                    <aligny>bottom</aligny>
                    <align>center</align>
                    <font>font30</font>
                    <label>[B]$INFO[Window.Property(tikiskins.title)][/B]</label>
                    <visible>String.IsEmpty(Window.Property(tikiskins.clearlogo))</visible>
                </control>
                <control type="label">
                    <top>130</top>
                    <left>280</left>
                    <width>600</width>
                    <height>20</height>
                    <font>font12</font>
                    <align>center</align>
                    <textcolor>FFB7B4BB</textcolor>
                    <label>[I]$INFO[Window.Property(tikiskins.sub_heading)][/I]</label>
                </control>
                <control type="group">
                    <top>175</top>
                    <left>280</left>
                    <control type="grouplist">
                        <itemgap>0</itemgap>
                        <orientation>horizontal</orientation>
                        <align>center</align>
                        <width>600</width>
                        <control type="label">
                            <width min="29" max="100">auto</width>
                            <height>20</height>
                            <font>font12</font>
                            <label>$INFO[Window.Property(tikiskins.year),,  •  ]</label>
                            <visible>!String.IsEmpty(Window.Property(tikiskins.year))</visible>
                        </control>
                        <control type="label">
                            <width min="29" max="100">auto</width>
                            <height>20</height>
                            <font>font12</font>
                            <label>$INFO[Window.Property(tikiskins.rating),,  •  ]</label>
                            <visible>!String.IsEmpty(Window.Property(tikiskins.rating))</visible>
                        </control>
                        <control type="label">
                            <width min="29" max="120">auto</width>
                            <height>20</height>
                            <font>font12</font>
                            <label>$INFO[Window.Property(tikiskins.mpaa),,  •  ]</label>
                            <visible>!String.IsEmpty(Window.Property(tikiskins.mpaa))</visible>
                        </control>
                        <control type="label">
                            <width min="29" max="140">auto</width>
                            <height>20</height>
                            <font>font12</font>
                            <label>$INFO[Window.Property(tikiskins.duration),,  •  ]</label>
                            <visible>!String.IsEmpty(Window.Property(tikiskins.duration))</visible>
                        </control>
                        <control type="label">
                            <width min="29" max="200">auto</width>
                            <height>20</height>
                            <font>font12</font>
                            <label>$INFO[Window.Property(tikiskins.status)]</label>
                            <visible>!String.IsEmpty(Window.Property(tikiskins.status))</visible>
                        </control>
                    </control>
                    <control type="grouplist">
                        <visible>String.IsEqual(Window.Property(tikiskins.db_type),movie)</visible>
                        <top>30</top>
                        <itemgap>0</itemgap>
                        <orientation>horizontal</orientation>
                        <align>center</align>
                        <width>600</width>
                        <control type="label">
                            <width min="29" max="210">auto</width>
                            <height>20</height>
                            <font>font12</font>
                            <label>$INFO[Window.Property(tikiskins.progress),,  •  ]</label>
                            <visible>!String.IsEmpty(Window.Property(tikiskins.progress))</visible>
                        </control>
                        <control type="label">
                            <width min="29" max="410">auto</width>
                            <height>20</height>
                            <font>font12</font>
                            <label>$INFO[Window.Property(tikiskins.finish_watching)]</label>
                            <visible>!String.IsEmpty(Window.Property(tikiskins.finish_watching))</visible>
                        </control>
                    </control>
                    <control type="grouplist">
                        <visible>String.IsEqual(Window.Property(tikiskins.db_type),tvshow)</visible>
                        <top>30</top>
                        <itemgap>0</itemgap>
                        <orientation>horizontal</orientation>
                        <align>center</align>
                        <width>600</width>
                        <control type="label">
                            <width min="29" max="250">auto</width>
                            <height>20</height>
                            <font>font12</font>
                            <label>$INFO[Window.Property(tikiskins.next_episode),,  •  ]</label>
                            <visible>!String.IsEmpty(Window.Property(tikiskins.next_episode))</visible>
                        </control>
                        <control type="label">
                            <width min="29" max="200">auto</width>
                            <height>20</height>
                            <font>font12</font>
                            <label>$INFO[Window.Property(tikiskins.last_aired_episode),,  •  ]</label>
                            <visible>!String.IsEmpty(Window.Property(tikiskins.last_aired_episode))</visible>
                        </control>
                        <control type="label">
                            <width min="29" max="200">auto</width>
                            <height>20</height>
                            <font>font12</font>
                            <label>$INFO[Window.Property(tikiskins.next_aired_episode)]</label>
                            <visible>!String.IsEmpty(Window.Property(tikiskins.next_aired_episode))</visible>
                        </control>
                    </control>
                </control>
                <control type="textbox">
                    <left>280</left>
                    <top>270</top>
                    <width>600</width>
                    <height>96</height>
                    <font>font12</font>
                    <textcolor>FFB7B4BB</textcolor>
                    <align>center</align>
                    <label>$INFO[Window.Property(tikiskins.plot)]</label>
                    <autoscroll delay="9000" time="3200" repeat="7500">true</autoscroll>
                </control>
                <control type="group">
                    <top>383</top>
                    <left>-15</left>
                    <control type="button" id="10">
                        <description>Exit Button</description>
                        <left>0</left>
                        <width>220</width>
                        <height>80</height>
                        <onleft>14</onleft>
                        <onright>11</onright>
                        <label>$ADDON[plugin.video.fen 32837]</label>
                        <font>font12</font>
                        <textcolor>FFB7B4BB</textcolor>
                        <focusedcolor>FF302F2F</focusedcolor>
                        <texturefocus colordiffuse="FFB7B4BB">common/button-base-fo.png</texturefocus>
                        <align>center</align>
                    </control>
                    <control type="button" id="11">
                        <description>Play Button</description>
                        <left>175</left>
                        <width>220</width>
                        <height>80</height>
                        <onleft>10</onleft>
                        <onright>12</onright>
                        <label>$ADDON[plugin.video.fen 32174]</label>
                        <font>font12</font>
                        <textcolor>FFB7B4BB</textcolor>
                        <focusedcolor>FF302F2F</focusedcolor>
                        <texturefocus colordiffuse="FFB7B4BB">common/button-base-fo.png</texturefocus>
                        <align>center</align>
                        <visible>String.IsEqual(Window.Property(tikiskins.db_type),movie)</visible>
                    </control>
                    <control type="button" id="11">
                        <description>Browse Button</description>
                        <left>175</left>
                        <width>220</width>
                        <height>80</height>
                        <onleft>10</onleft>
                        <onright>12</onright>
                        <label>$ADDON[plugin.video.fen 32838]</label>
                        <font>font12</font>
                        <textcolor>FFB7B4BB</textcolor>
                        <focusedcolor>FF302F2F</focusedcolor>
                        <texturefocus colordiffuse="FFB7B4BB">common/button-base-fo.png</texturefocus>
                        <align>center</align>
                        <visible>String.IsEqual(Window.Property(tikiskins.db_type),tvshow)</visible>
                    </control>
                    <control type="button" id="12">
                        <description>Extra Info Button</description>
                        <left>350</left>
                        <width>220</width>
                        <height>80</height>
                        <onleft>11</onleft>
                        <onright>13</onright>
                        <label>$ADDON[plugin.video.fen 32605]</label>
                        <font>font12</font>
                        <textcolor>FFB7B4BB</textcolor>
                        <focusedcolor>FF302F2F</focusedcolor>
                        <texturefocus colordiffuse="FFB7B4BB">common/button-base-fo.png</texturefocus>
                        <align>center</align>
                    </control>
                    <control type="button" id="13">
                        <description>Options Button</description>
                        <left>525</left>
                        <width>220</width>
                        <height>80</height>
                        <onleft>12</onleft>
                        <onright>14</onright>
                        <label>$ADDON[plugin.video.fen 32841]</label>
                        <font>font12</font>
                        <textcolor>FFB7B4BB</textcolor>
                        <focusedcolor>FF302F2F</focusedcolor>
                        <texturefocus colordiffuse="FFB7B4BB">common/button-base-fo.png</texturefocus>
                        <align>center</align>
                    </control>
                    <control type="button" id="14">
                        <description>Trakt Button</description>
                        <left>700</left>
                        <width>220</width>
                        <height>80</height>
                        <onleft>13</onleft>
                        <onright>10</onright>
                        <label>$ADDON[plugin.video.fen 32037]</label>
                        <font>font12</font>
                        <textcolor>FFB7B4BB</textcolor>
                        <focusedcolor>FF302F2F</focusedcolor>
                        <texturefocus colordiffuse="FFB7B4BB">common/button-base-fo.png</texturefocus>
                        <align>center</align>
                    </control>
                </control>
            </control>
        </control>
    </controls>
</window>
