<?xml version="1.0" encoding="UTF-8"?>
<window>
    <animation type="WindowOpen" reversible="false">
        <effect type="fade" start="0" end="100" time="150" tween="sine" easing="in" />
        <effect type="zoom" start="0" end="100" time="150" center="auto" tween="quadratic" easing="out" />
    </animation>
    <controls>
        <control type="image">
            <height>1080</height>
            <width>1920</width>
            <texture colordiffuse="BF000000">common/white.png</texture>
            <animation type="WindowOpen" reversible="false">
                <effect type="fade" start="0" end="85" time="250" tween="sine" easing="in" />
            </animation>
        </control>
        <control type="group">
            <left>440</left>
            <top>345</top>
            <control type="group">
                <left>5</left>
                <top>5</top>
                <control type="image">
                    <left>260</left>
                    <height>390</height>
                    <width>780</width>
                    <aspectratio aligny="top">scale</aspectratio>
                    <texture>$INFO[Window.Property(tikiskins.source_progress.fanart)]</texture>
                </control>
                <control type="image">
                    <left>-5</left>
                    <top>-5</top>
                    <height>430</height>
                    <width>1050</width>
                    <texture colordiffuse="D9000000">common/white.png</texture>
                </control>
                <control type="image">
                    <left>995</left>
                    <top>5</top>
                    <width>40</width>
                    <height>40</height>
                    <align>right</align>
                    <aligny>top</aligny>
                    <aspectratio aligny="top">scale</aspectratio>
                    <texture colordiffuse="B3CCCCCC">common/fen.png</texture>
                </control>
                <control type="label">
                    <top>8</top>
                    <left>690</left>
                    <width max="300">auto</width>
                    <height>20</height>
                    <font>font10</font>
                    <align>right</align>
                    <aligny>bottom</aligny>
                    <label>[COLOR B3CCCCCC][B]$ADDON[plugin.video.fen 33061][/B][/COLOR]</label>
                </control>
                <control type="image">
                    <width>260</width>
                    <height>390</height>
                    <aspectratio>scale</aspectratio>
                    <aspectratio aligny="top">stretch</aspectratio>
                    <texture>$INFO[Window.Property(tikiskins.source_progress.poster)]</texture>
                </control>
                <control type="image">
                    <top>30</top>
                    <left>140</left>
                    <height>20%</height>
                    <width max="750">auto</width>
                    <aspectratio>keep</aspectratio>
                    <align>center</align>
                    <aligny>center</aligny>
                    <texture background="true">$INFO[Window.Property(tikiskins.source_progress.clearlogo)]</texture>
                    <visible>!String.IsEmpty(Window.Property(tikiskins.source_progress.clearlogo))</visible>
                </control>
                <control type="label">
                    <top>70</top>
                    <left>280</left>
                    <width>690</width>
                    <height>20</height>
                    <aligny>bottom</aligny>
                    <align>left</align>
                    <font>font30</font>
                    <label>[B]$INFO[Window.Property(tikiskins.source_progress.title)][/B]</label>
                    <visible>String.IsEmpty(Window.Property(tikiskins.source_progress.clearlogo))</visible>
                </control>
                <control type="textbox" id="2000">
                    <top>200</top>
                    <left>280</left>
                    <width>750</width>
                    <height>170</height>
                    <font>font12</font>
                    <textcolor>FFB7B4BB</textcolor>
                </control>
                <control type="progress" id="5000">
                    <description>Progressbar</description>
                    <top>395</top>
                    <left>0</left>
                    <width>1040</width>
                    <height>25</height>
                    <reveal>true</reveal>
                </control>
            </control>
        </control>
    </controls>
</window>
