<?xml version="1.0" encoding="UTF-8" standalone="yes"?>
<addon id="script.module.furkitmeta" version="1.0.03" name="Furk It Meta Module" provider-name="Furk It">
    <requires>
        <import addon="xbmc.python" version="2.19.0"/>
    </requires>
    <extension point="xbmc.python.module" library="lib" />
    <extension point="xbmc.python.pluginsource" library="lib/default.py">
        <provides>executable</provides>
    </extension>
    <extension point="xbmc.addon.metadata">
        <summary>Metadata for the Furk It Addon</summary>
        <description>Metadata for the Furk It Addon</description>
        <platform>all</platform>
        <license>GNU GENERAL PUBLIC LICENSE. Version 3, 29 June 2007</license>
        <assets>
            <icon>icon.png</icon>
            <fanart>fanart.png</fanart>
        </assets>
        <news>
            [B]Version 1.0.02[/B]
            - Added fanart.tv support (off by default). Enable 'Extra Art' in settings. Provides Banners, Landscapes and Cleararts for skins that support extra artwork.
            - Can add own fanart.tv API in settings to help support them.
            [B]Version 1.0.01[/B]
            - Slight code cleanup.
            [B]Version 1.0.0[/B]
            - Initial Version.
        </news>
    </extension>
</addon>
