<?xml version="1.0" encoding="UTF-8"?>
<window id="1110" type="window">
    <defaultcontrol always="true">50</defaultcontrol>
    <controls>
        <include>CommonBackground</include>
        <control type="image">
            <include>Floor_Animation</include>
            <left>0</left>
            <top>150r</top>
            <width>1920</width>
            <height>150</height>
            <texture>floor.png</texture>
            <include>VisibleFadeEffect</include>
        </control>
        <include content="CommonWindowHeader">
            <param name="Icon" value="icon_addons" />
        </include>
        <control type="group">
            <left>135</left>
            <top>45</top>
            <include>Animation.Common</include>
            <control type="image">
                <left>8</left>
                <top>8</top>
                <width>1635</width>
                <height>945</height>
                <texture border="22">ContentPanel.png</texture>
            </control>
            <control type="image">
                <left>8</left>
                <top>938</top>
                <width>1635</width>
                <height>96</height>
                <texture border="22">ContentPanelMirror.png</texture>
            </control>
            <control type="button">
                <description>Close Window button</description>
                <left>1470</left>
                <top>16</top>
                <width>96</width>
                <height>48</height>
                <label></label>
                <font></font>
                <onclick>PreviousMenu</onclick>
                <texturefocus>DialogCloseButton-focus.png</texturefocus>
                <texturenofocus>DialogCloseButton.png</texturenofocus>
                <onleft>1</onleft>
                <onright>1</onright>
                <onup>1</onup>
                <ondown>1</ondown>
                <visible>system.getbool(input.enablemouse)</visible>
            </control>
            <control type="image">
                <description>LOGO</description>
                <left>45</left>
                <top>15</top>
                <width>330</width>
                <height>120</height>
                <aspectratio>keep</aspectratio>
                <texture>Confluence_Logo.png</texture>
            </control>
            <control type="list" id="50">
                <left>15</left>
                <top>135</top>
                <width>390</width>
                <height>722</height>
                <onleft>50</onleft>
                <onright condition="Container(50).HasNext | Container(50).HasPrevious">60</onright>
                <onright>51</onright>
                <onup>50</onup>
                <ondown>50</ondown>
                <pagecontrol>60</pagecontrol>
                <scrolltime>300</scrolltime>
                <itemlayout height="120" width="390">
                    <control type="image">
                        <left>0</left>
                        <top>0</top>
                        <width>390</width>
                        <height>122</height>
                        <texture border="8">MenuItemNF.png</texture>
                    </control>
                    <control type="image">
                        <left>0</left>
                        <top>15</top>
                        <width>75</width>
                        <height>75</height>
                        <aspectratio>keep</aspectratio>
                        <texture background="true">$INFO[ListItem.Icon]</texture>
                    </control>
                    <control type="label">
                        <left>75</left>
                        <top>22</top>
                        <width>315</width>
                        <height>38</height>
                        <font>font24_title</font>
                        <textcolor>grey3</textcolor>
                        <align>left</align>
                        <aligny>center</aligny>
                        <label>$INFO[ListItem.Label]</label>
                    </control>
                    <control type="label">
                        <left>75</left>
                        <top>63</top>
                        <width>315</width>
                        <height>38</height>
                        <font>font13</font>
                        <textcolor>grey2</textcolor>
                        <align>left</align>
                        <aligny>center</aligny>
                        <label>$INFO[ListItem.Label2]</label>
                    </control>
                </itemlayout>
                <focusedlayout height="120" width="390">
                    <control type="group">
                        <left>0</left>
                        <top>0</top>
                        <include content="SelectedSolidVar" condition="!Skin.HasSetting(UseOutline)">
                            <param name="width">390</param>
                            <param name="height">122</param>
                        </include>
                        <include content="SelectedOutlineVar" condition="Skin.HasSetting(UseOutline)">
                            <param name="width">390</param>
                            <param name="height">122</param>
                        </include>
                        <include content="UnselectFade">
                            <param name="id">50</param>
                        </include>
                    </control>
                    <control type="image">
                        <left>0</left>
                        <top>15</top>
                        <width>75</width>
                        <height>75</height>
                        <aspectratio>keep</aspectratio>
                        <texture background="true">$INFO[ListItem.Icon]</texture>
                    </control>
                    <control type="label">
                        <left>75</left>
                        <top>22</top>
                        <width>315</width>
                        <height>38</height>
                        <font>font24_title</font>
                        <textcolor>white</textcolor>
                        <align>left</align>
                        <aligny>center</aligny>
                        <label>$INFO[ListItem.Label]</label>
                    </control>
                    <control type="label">
                        <left>75</left>
                        <top>63</top>
                        <width>315</width>
                        <height>38</height>
                        <font>font13</font>
                        <textcolor>grey2</textcolor>
                        <align>left</align>
                        <aligny>center</aligny>
                        <label>$INFO[ListItem.Label2]</label>
                    </control>
                </focusedlayout>
                <content>
                    <item id="1">
                        <label>$LOCALIZE[1037]</label>
                        <label2>$INFO[Window(Home).Property(SkinHelper.TotalVideoAddons)] $LOCALIZE[31025]</label2>
                        <icon>DefaultAddonVideo.png</icon>
                        <property name="AppsTarget">videos</property>
                        <property name="AppsContent">addons://sources/video/</property>
                        <property name="AppsSortBy">label</property>
                        <onclick>ActivateWindow(Videos,Addons,return)</onclick>
                    </item>
                    <item id="2">
                        <label>$LOCALIZE[1038]</label>
                        <label2>$INFO[Window(Home).Property(SkinHelper.TotalAudioAddons)] $LOCALIZE[31025]</label2>
                        <icon>DefaultAddonMusic.png</icon>
                        <property name="AppsTarget">music</property>
                        <property name="AppsContent">addons://sources/audio/</property>
                        <property name="AppsSortBy">label</property>
                        <onclick>ActivateWindow(Music,Addons,return)</onclick>
                    </item>
                    <item id="3">
                        <label>$LOCALIZE[1039]</label>
                        <label2>$INFO[Window(Home).Property(SkinHelper.TotalPicturesAddons)] $LOCALIZE[31025]</label2>
                        <icon>DefaultAddonPicture.png</icon>
                        <property name="AppsTarget">pictures</property>
                        <property name="AppsContent">addons://sources/image/</property>
                        <property name="AppsSortBy">label</property>
                        <onclick>ActivateWindow(Pictures,Addons,return)</onclick>
                    </item>
                    <item id="4">
                        <label>$LOCALIZE[1043]</label>
                        <label2>$INFO[Window(Home).Property(SkinHelper.TotalProgramAddons)] $LOCALIZE[31025]</label2>
                        <icon>DefaultAddonProgram.png</icon>
                        <property name="AppsTarget">programs</property>
                        <property name="AppsContent">addons://sources/executable/</property>
                        <property name="AppsSortBy">label</property>
                        <onclick>ActivateWindow(Programs,Addons,return)</onclick>
                    </item>
                    <item id="5">
                        <label>$LOCALIZE[20244]</label>
                        <icon>DefaultIconAndroid.png</icon>
                        <property name="AppsTarget">programs</property>
                        <property name="AppsContent">androidapp://sources/apps/</property>
                        <property name="AppsSortBy">label</property>
                        <onclick>ActivateWindow(Programs,return)</onclick>
                        <visible>System.Platform.Android</visible>
                    </item>
                    <item id="6">
                        <label>All Add-ons</label>
                        <label2>$INFO[Window(Home).Property(SkinHelper.TotalAddons)] $LOCALIZE[31025]</label2>
                        <icon>defaultaddon.png</icon>
                        <property name="AppsTarget">addonbrowser</property>
                        <property name="AppsContent">addons://user/all</property>
                        <property name="AppsSortBy">label</property>
                        <onclick>ActivateWindow(10040,addons://user/all,return)</onclick>
                    </item>
                    <item id="7">
                        <label>$LOCALIZE[21452]</label>
                        <icon>DefaultFolder.png</icon>
                        <property name="AppsTarget">addonbrowser</property>
                        <property name="AppsContent">addons://all</property>
                        <property name="AppsSortBy"></property>
                        <onclick>ActivateWindow(AddonBrowser,return)</onclick>
                    </item>
                </content>
            </control>
            <control type="image">
                <left>402</left>
                <top>15</top>
                <width>1185</width>
                <height>927</height>
                <texture border="8">black-back2.png</texture>
            </control>
            <control type="image">
                <left>402</left>
                <top>15</top>
                <width>1185</width>
                <height>78</height>
                <texture>dialogheader.png</texture>
            </control>
            <control type="label">
                <description>header label</description>
                <left>450</left>
                <top>30</top>
                <width>1089</width>
                <height>45</height>
                <font>font16</font>
                <label>Add-on Browser - $INFO[Container(50).ListItem.Label]</label>
                <align>center</align>
                <aligny>center</aligny>
                <textcolor>white</textcolor>
                <shadowcolor>black</shadowcolor>
            </control>
            <control type="group">
                <control type="panel" id="51">
                    <left>404</left>
                    <top>90</top>
                    <width>1200</width>
                    <height>795</height>
                    <onleft>50</onleft>
                    <onright condition="Container(51).HasNext | Container(51).HasPrevious">60</onright>
                    <onup>51</onup>
                    <ondown>51</ondown>
                    <animation effect="fade" start="100" end="0" time="300" condition="Container(51).IsUpdating">conditional</animation>
                    <viewtype label="535">list</viewtype>
                    <pagecontrol>60</pagecontrol>
                    <itemlayout height="112" width="1200">
                        <control type="image">
                            <left>0</left>
                            <top>0</top>
                            <width>1182</width>
                            <height>120</height>
                            <texture>MenuItemNF.png</texture>
                        </control>
                        <control type="image">
                            <left>45</left>
                            <top>10</top>
                            <width>90</width>
                            <height>90</height>
                            <aspectratio scalediffuse="false">keep</aspectratio>
                            <texture background="true" diffuse="diffuse/list-icon.png" fallback="DefaultFolder.png">$INFO[ListItem.Icon]</texture>
                        </control>
                        <control type="label">
                            <left>180</left>
                            <top>18</top>
                            <width>990</width>
                            <height>42</height>
                            <font>font28_title</font>
                            <textcolor>grey2</textcolor>
                            <label>$INFO[ListItem.Label]</label>
                        </control>
                        <control type="label">
                            <left>180</left>
                            <top>60</top>
                            <width>990</width>
                            <height>30</height>
                            <font>font13</font>
                            <textcolor>grey</textcolor>
                            <label>$INFO[ListItem.AddonSummary]</label>
                        </control>
                    </itemlayout>
                    <focusedlayout height="112" width="1200">
                        <control type="group">
                            <left>0</left>
                            <top>0</top>
                            <include content="SelectedSolidVar" condition="!Skin.HasSetting(UseOutline)">
                                <param name="width">1182</param>
                                <param name="height">112</param>
                            </include>
                            <include content="SelectedOutlineVar" condition="Skin.HasSetting(UseOutline)">
                                <param name="width">1182</param>
                                <param name="height">112</param>
                            </include>
                            <include content="UnselectFade">
                                <param name="id">51</param>
                            </include>
                        </control>
                        <control type="image">
                            <left>45</left>
                            <top>10</top>
                            <width>90</width>
                            <height>90</height>
                            <aspectratio scalediffuse="false">keep</aspectratio>
                            <texture background="true" diffuse="diffuse/list-icon.png" fallback="DefaultFolder.png">$INFO[ListItem.Icon]</texture>
                        </control>
                        <control type="label">
                            <left>180</left>
                            <top>18</top>
                            <width>990</width>
                            <height>42</height>
                            <font>font28_title</font>
                            <textcolor>white</textcolor>
                            <label>$INFO[ListItem.Label]</label>
                        </control>
                        <control type="label">
                            <left>180</left>
                            <top>60</top>
                            <width>990</width>
                            <height>30</height>
                            <font>font13</font>
                            <textcolor>grey</textcolor>
                            <label>$INFO[ListItem.AddonSummary]</label>
                        </control>
                    </focusedlayout>
                    <content target="$INFO[Container(50).ListItem.Property(AppsTarget)]" sortby="$INFO[Container(50).ListItem.Property(AppsSortBy)]" sortorder="ascending">$INFO[Container(50).ListItem.Property(AppsContent)]</content>
                </control>
                <control type="scrollbar" id="60">
                    <left>1590</left>
                    <top>90</top>
                    <width>30</width>
                    <height>795</height>
                    <texturesliderbackground border="15">scrollbars/scrollbaruni-bg.png</texturesliderbackground>
                    <texturesliderbar border="15">scrollbars/scrollbaruni-bar.png</texturesliderbar>
                    <texturesliderbarfocus colordiffuse="$VAR[ColorHighlightVar]" border="15">scrollbars/scrollbaruni-bar-focus.png</texturesliderbarfocus>
                    <textureslidernib>scrollbars/scrollbaruni-nib.png</textureslidernib>
                    <textureslidernibfocus>scrollbars/scrollbaruni-nib.png</textureslidernibfocus>
                    <onleft>51</onleft>
                    <onright>51</onright>
                    <showonepage>false</showonepage>
                    <orientation>vertical</orientation>
                </control>
            </control>
        </control>
        <include>CommonNowPlaying</include>
        <include>MainWindowMouseButtons</include>
        <include>DimForContextMenu</include>
    </controls>
</window>
