<?xml version="1.0" encoding="UTF-8"?>
<window>
    <coordinates>
        <left>0</left>
        <top>0</top>
    </coordinates>
    <depth>DepthDialog</depth>
    <controls>
        <control type="list" id="100">
            <left>-2880</left>
            <top>-1620</top>
            <width>1</width>
            <height>1</height>
            <itemlayout width="1" height="1" />
            <focusedlayout width="1" height="1" />
        </control>
        <control type="button" id="192">
            <left>-2880</left>
            <top>-1620</top>
            <width>1</width>
            <height>1</height>
            <onfocus>SetFocus(9000)</onfocus>
        </control>
        <control type="button" id="193">
            <left>-2880</left>
            <top>-1620</top>
            <width>1</width>
            <height>1</height>
        </control>
        <control type="group">
            <include>VisibleFadeEffect</include>
            <include content="DialogBackgroundCommons">
                <param name="DialogBackgroundWidth" value="1760" />
                <param name="DialogBackgroundHeight" value="960" />
                <param name="DialogHeaderWidth" value="840" />
                <param name="DialogHeaderLabel" value="" />
                <param name="DialogHeaderId" value="2" />
                <param name="CloseButtonLeft" value="1640" />
                <param name="CloseButtonNav" value="3" />
            </include>
            <top>38</top>
            <left>75</left>
            <animation type="WindowOpen" reversible="false">
                <effect type="zoom" start="80" end="100" center="960,540" easing="out" tween="back" time="225" />
                <effect type="fade" start="0" end="100" time="225" />
            </animation>
            <animation type="WindowClose" reversible="false">
                <effect type="zoom" start="100" end="80" center="960,540" easing="in" tween="back" time="225" />
                <effect type="fade" start="100" end="0" time="225" />
            </animation>
            <control type="image">
                <left>15</left>
                <top>15</top>
                <width>428</width>
                <height>930</height>
                <texture border="22">ContentPanel.png</texture>
            </control>
            <control type="image">
                <top>90</top>
                <left>0</left>
                <width>450</width>
                <height>450</height>
                <aspectratio>keep</aspectratio>
                <texture>$INFO[Container(100).ListItem.Icon]</texture>
                <bordertexture border="30">globalsearch-shadow.png</bordertexture>
                <bordersize>30</bordersize>
            </control>
            <control type="textbox">
                <left>465</left>
                <top>690</top>
                <width>1245</width>
                <height>225</height>
                <label>$INFO[Container(100).ListItem.Property(Plot)]</label>
                <autoscroll delay="10000" time="5000" repeat="10000">True</autoscroll>
                <visible>![Control.IsVisible(130) | Control.IsVisible(160) | Control.IsVisible(170) | Control.IsVisible(180)]</visible>
            </control>
            <control type="textbox">
                <left>465</left>
                <top>660</top>
                <width>1050</width>
                <height>750</height>
                <label>$INFO[Container(100).ListItem.Property(Artist_Description)]</label>
                <autoscroll delay="10000" time="5000" repeat="10000">True</autoscroll>
                <visible>Control.IsVisible(160)</visible>
            </control>
            <control type="textbox">
                <left>465</left>
                <top>660</top>
                <width>1050</width>
                <height>819</height>
                <label>$INFO[Container(100).ListItem.Property(Album_Description)]</label>
                <autoscroll delay="10000" time="5000" repeat="10000">True</autoscroll>
                <visible>Control.IsVisible(170)</visible>
            </control>
            <control type="textbox">
                <left>465</left>
                <top>660</top>
                <width>1050</width>
                <height>819</height>
                <label>$INFO[Container(100).ListItem.Property(Comment)]</label>
                <autoscroll delay="10000" time="5000" repeat="10000">True</autoscroll>
                <visible>Control.IsVisible(180)</visible>
            </control>
            <control type="grouplist" id="9000">
                <!-- Buttons -->
                <top>570</top>
                <left>98</left>
                <width>255</width>
                <height>180</height>
                <orientation>vertical</orientation>
                <itemgap>1</itemgap>
                <onup>9000</onup>
                <ondown>9000</ondown>
                <onright>900</onright>
                <control type="button" id="9001">
                    <include>ButtonInfoDialogsCommonValues</include>
                    <align>center</align>
                    <aligny>top</aligny>
                    <!-- "Play" -->
                    <label>$INFO[Control.GetLabel(192)]</label>
                    <onclick>SendClick(192)</onclick>
                    <visible>Control.IsVisible(192) + ![Control.IsVisible(120) | Control.IsVisible(130) | Control.IsVisible(160)]</visible>
                </control>
                <control type="button" id="9002">
                    <include>ButtonInfoDialogsCommonValues</include>
                    <align>center</align>
                    <aligny>top</aligny>
                    <!-- "Browse" -->
                    <label>$INFO[Control.GetLabel(192)]</label>
                    <onclick>SendClick(192)</onclick>
                    <visible>Control.IsVisible(192) + [Control.IsVisible(120) | Control.IsVisible(130) | Control.IsVisible(160)]</visible>
                </control>
                <control type="button" id="9003">
                    <include>ButtonInfoDialogsCommonValues</include>
                    <!-- "Trailer" -->
                    <label>$INFO[Control.GetLabel(193)]</label>
                    <onclick>SendClick(193)</onclick>
                    <visible>Control.IsVisible(193) + !Control.IsVisible(170)</visible>
                </control>
                <control type="button" id="9004">
                    <include>ButtonInfoDialogsCommonValues</include>
                    <label>$INFO[Control.GetLabel(193)]</label>
                    <onclick>SendClick(193)</onclick>
                    <visible>Control.IsVisible(193) + Control.IsVisible(170)</visible>
                </control>
            </control>
            <control type="group" id="900">
                <left>465</left>
                <top>30</top>
                <control type="list" id="110">
                    <width>1200</width>
                    <height>750</height>
                    <onleft>9000</onleft>
                    <itemlayout width="1200" height="60">
                        <control type="label">
                            <left>60</left>
                            <top>0</top>
                            <width>1080</width>
                            <height>60</height>
                            <aligny>center</aligny>
                            <font>font12</font>
                            <label>$INFO[ListItem.Label]</label>
                            <textcolor>white</textcolor>
                        </control>
                        <control type="label">
                            <left>60</left>
                            <top>0</top>
                            <width>1080</width>
                            <height>60</height>
                            <aligny>center</aligny>
                            <font>font12</font>
                            <label>$INFO[ListItem.Label2]</label>
                            <align>right</align>
                        </control>
                    </itemlayout>
                    <focusedlayout width="1200" height="60">
                        <control type="image">
                            <left>0</left>
                            <top>0</top>
                            <width>1200</width>
                            <height>60</height>
                            <texture border="60" colordiffuse="$VAR[ColorHighlightVar]">MenuItemFO.png</texture>
                            <visible>Control.HasFocus(110)</visible>
                        </control>
                        <control type="label">
                            <left>60</left>
                            <top>0</top>
                            <width>1080</width>
                            <height>60</height>
                            <aligny>center</aligny>
                            <font>font12</font>
                            <label>$INFO[ListItem.Label]</label>
                            <textcolor>white</textcolor>
                        </control>
                        <control type="label">
                            <left>60</left>
                            <top>0</top>
                            <width>1080</width>
                            <height>60</height>
                            <aligny>center</aligny>
                            <font>font12</font>
                            <label>$INFO[ListItem.Label2]</label>
                            <align>right</align>
                            <scroll>true</scroll>
                        </control>
                    </focusedlayout>
                    <content>
                        <item>
                            <label>$LOCALIZE[20339]:</label>
                            <label2>$INFO[Container(100).ListItem.Property(Director)]</label2>
                            <onclick>noop</onclick>
                            <visible>!IsEmpty(Container(100).ListItem.Property(Director))</visible>
                        </item>
                        <item>
                            <label>$LOCALIZE[572]:</label>
                            <label2>$INFO[Container(100).ListItem.Property(Studio)]</label2>
                            <onclick>noop</onclick>
                            <visible>!IsEmpty(Container(100).ListItem.Property(Studio))</visible>
                        </item>
                        <item>
                            <label>$LOCALIZE[515]:</label>
                            <label2>$INFO[Container(100).ListItem.Property(Genre)]</label2>
                            <onclick>noop</onclick>
                            <visible>!IsEmpty(Container(100).ListItem.Property(Genre))</visible>
                        </item>
                        <item>
                            <label>$LOCALIZE[562]:</label>
                            <label2>$INFO[Container(100).ListItem.Property(Year)]</label2>
                            <onclick>noop</onclick>
                            <visible>!IsEmpty(Container(100).ListItem.Property(Year))</visible>
                        </item>
                        <item>
                            <label>$LOCALIZE[2050]:</label>
                            <label2>$INFO[Container(100).ListItem.Property(Duration),, $LOCALIZE[12391]]</label2>
                            <onclick>noop</onclick>
                            <visible>!IsEmpty(Container(100).ListItem.Property(Duration)) + !SubString(Container(100).ListItem.Property(Duration),min)</visible>
                        </item>
                        <item>
                            <label>$LOCALIZE[2050]:</label>
                            <label2>$INFO[Container(100).ListItem.Property(Duration)]</label2>
                            <onclick>noop</onclick>
                            <visible>!IsEmpty(Container(100).ListItem.Property(Duration)) + SubString(Container(100).ListItem.Property(Duration),min)</visible>
                        </item>
                        <item>
                            <label>$LOCALIZE[563]:</label>
                            <label2>$INFO[Container(100).ListItem.Property(Rating)]</label2>
                            <onclick>noop</onclick>
                            <visible>!IsEmpty(Container(100).ListItem.Property(Rating))</visible>
                        </item>
                        <item>
                            <label>$LOCALIZE[38018]:</label>
                            <label2>$INFO[Container(100).ListItem.Property(UserRating)]</label2>
                            <onclick>noop</onclick>
                            <visible>!IsEmpty(Container(100).ListItem.Property(UserRating))</visible>
                        </item>
                        <item>
                            <label>$LOCALIZE[202]:</label>
                            <label2>$INFO[Container(100).ListItem.Property(TagLine)]</label2>
                            <onclick>noop</onclick>
                            <visible>!IsEmpty(Container(100).ListItem.Property(TagLine))</visible>
                        </item>
                        <item>
                            <label>$LOCALIZE[203]:</label>
                            <label2>$INFO[Container(100).ListItem.Property(PlotOutline)]</label2>
                            <onclick>noop</onclick>
                            <visible>!IsEmpty(Container(100).ListItem.Property(PlotOutline))</visible>
                        </item>
                        <item>
                            <label>$LOCALIZE[20074]:</label>
                            <label2>$INFO[Container(100).ListItem.Property(Mpaa)]</label2>
                            <onclick>noop</onclick>
                            <visible>!IsEmpty(Container(100).ListItem.Property(Mpaa))</visible>
                        </item>
                        <item>
                            <label>$LOCALIZE[567]:</label>
                            <label2>$INFO[Container(100).ListItem.Property(Playcount)]</label2>
                            <onclick>noop</onclick>
                            <visible>!IsEmpty(Container(100).ListItem.Property(Playcount))</visible>
                        </item>
                        <item>
                            <label>$LOCALIZE[15311]</label>
                            <label2>$INFO[Container(100).ListItem.Property(Path)]</label2>
                            <onclick>noop</onclick>
                            <visible>!IsEmpty(Container(100).ListItem.Property(Path))</visible>
                        </item>
                    </content>
                </control>
                <control type="list" id="120">
                    <width>1200</width>
                    <height>750</height>
                    <onleft>9000</onleft>
                    <itemlayout width="1200" height="60">
                        <control type="label">
                            <left>60</left>
                            <top>0</top>
                            <width>1080</width>
                            <height>60</height>
                            <aligny>center</aligny>
                            <font>font12</font>
                            <label>$INFO[ListItem.Label]</label>
                            <textcolor>white</textcolor>
                        </control>
                        <control type="label">
                            <left>60</left>
                            <top>0</top>
                            <width>1080</width>
                            <height>60</height>
                            <aligny>center</aligny>
                            <font>font12</font>
                            <label>$INFO[ListItem.Label2]</label>
                            <align>right</align>
                        </control>
                    </itemlayout>
                    <focusedlayout width="1200" height="60">
                        <control type="image">
                            <left>0</left>
                            <top>0</top>
                            <width>1200</width>
                            <height>60</height>
                            <texture border="60" colordiffuse="$VAR[ColorHighlightVar]">MenuItemFO.png</texture>
                            <visible>Control.HasFocus(120)</visible>
                        </control>
                        <control type="label">
                            <left>60</left>
                            <top>0</top>
                            <width>1080</width>
                            <height>60</height>
                            <aligny>center</aligny>
                            <font>font12</font>
                            <label>$INFO[ListItem.Label]</label>
                            <textcolor>white</textcolor>
                        </control>
                        <control type="label">
                            <left>60</left>
                            <top>0</top>
                            <width>1080</width>
                            <height>60</height>
                            <aligny>center</aligny>
                            <font>font12</font>
                            <label>$INFO[ListItem.Label2]</label>
                            <align>right</align>
                            <scroll>true</scroll>
                        </control>
                    </focusedlayout>
                    <content>
                        <item>
                            <label>$LOCALIZE[20360]:</label>
                            <label2>$INFO[Container(100).ListItem.Property(Episode)]</label2>
                            <onclick>noop</onclick>
                            <visible>!IsEmpty(Container(100).ListItem.Property(Episode))</visible>
                        </item>
                        <item>
                            <label>$LOCALIZE[20416]:</label>
                            <label2>$INFO[Container(100).ListItem.Property(Premiered)]</label2>
                            <onclick>noop</onclick>
                            <visible>!IsEmpty(Container(100).ListItem.Property(Premiered))</visible>
                        </item>
                        <item>
                            <label>$LOCALIZE[572]:</label>
                            <label2>$INFO[Container(100).ListItem.Property(Studio)]</label2>
                            <onclick>noop</onclick>
                            <visible>!IsEmpty(Container(100).ListItem.Property(Studio))</visible>
                        </item>
                        <item>
                            <label>$LOCALIZE[515]:</label>
                            <label2>$INFO[Container(100).ListItem.Property(Genre)]</label2>
                            <onclick>noop</onclick>
                            <visible>!IsEmpty(Container(100).ListItem.Property(Genre))</visible>
                        </item>
                        <item>
                            <label>$LOCALIZE[562]:</label>
                            <label2>$INFO[Container(100).ListItem.Property(Year)]</label2>
                            <onclick>noop</onclick>
                            <visible>!IsEmpty(Container(100).ListItem.Property(Year))</visible>
                        </item>
                        <item>
                            <label>$LOCALIZE[563]:</label>
                            <label2>$INFO[Container(100).ListItem.Property(Rating)]</label2>
                            <onclick>noop</onclick>
                            <visible>!IsEmpty(Container(100).ListItem.Property(Rating))</visible>
                        </item>
                        <item>
                            <label>$LOCALIZE[38018]:</label>
                            <label2>$INFO[Container(100).ListItem.Property(UserRating)]</label2>
                            <onclick>noop</onclick>
                            <visible>!IsEmpty(Container(100).ListItem.Property(UserRating))</visible>
                        </item>
                        <item>
                            <label>$LOCALIZE[20074]:</label>
                            <label2>$INFO[Container(100).ListItem.Property(Mpaa)]</label2>
                            <onclick>noop</onclick>
                            <visible>!IsEmpty(Container(100).ListItem.Property(Mpaa))</visible>
                        </item>
                        <item>
                            <label>$LOCALIZE[567]:</label>
                            <label2>$INFO[Container(100).ListItem.Property(Playcount)]</label2>
                            <onclick>noop</onclick>
                            <visible>!IsEmpty(Container(100).ListItem.Property(Playcount))</visible>
                        </item>
                        <item>
                            <label>$LOCALIZE[15311]</label>
                            <label2>$INFO[Container(100).ListItem.Property(Path)]</label2>
                            <onclick>noop</onclick>
                            <visible>!IsEmpty(Container(100).ListItem.Property(Path))</visible>
                        </item>
                    </content>
                </control>
                <control type="list" id="130">
                    <width>1200</width>
                    <height>750</height>
                    <onleft>9000</onleft>
                    <itemlayout width="1200" height="60">
                        <control type="label">
                            <left>60</left>
                            <top>0</top>
                            <width>1080</width>
                            <height>60</height>
                            <aligny>center</aligny>
                            <font>font12</font>
                            <label>$INFO[ListItem.Label]</label>
                            <textcolor>white</textcolor>
                        </control>
                        <control type="label">
                            <left>60</left>
                            <top>0</top>
                            <width>1080</width>
                            <height>60</height>
                            <aligny>center</aligny>
                            <font>font12</font>
                            <label>$INFO[ListItem.Label2]</label>
                            <align>right</align>
                        </control>
                    </itemlayout>
                    <focusedlayout width="1200" height="60">
                        <control type="image">
                            <left>0</left>
                            <top>0</top>
                            <width>1200</width>
                            <height>60</height>
                            <texture border="60" colordiffuse="$VAR[ColorHighlightVar]">MenuItemFO.png</texture>
                            <visible>Control.HasFocus(130)</visible>
                        </control>
                        <control type="label">
                            <left>60</left>
                            <top>0</top>
                            <width>1080</width>
                            <height>60</height>
                            <aligny>center</aligny>
                            <font>font12</font>
                            <label>$INFO[ListItem.Label]</label>
                            <textcolor>white</textcolor>
                        </control>
                        <control type="label">
                            <left>60</left>
                            <top>0</top>
                            <width>1080</width>
                            <height>60</height>
                            <aligny>center</aligny>
                            <font>font12</font>
                            <label>$INFO[ListItem.Label2]</label>
                            <align>right</align>
                            <scroll>true</scroll>
                        </control>
                    </focusedlayout>
                    <content>
                        <item>
                            <label>$LOCALIZE[20364]:</label>
                            <label2>$INFO[Container(100).ListItem.Property(TVShowTitle)]</label2>
                            <onclick>noop</onclick>
                            <visible>!IsEmpty(Container(100).ListItem.Property(TVShowTitle))</visible>
                        </item>
                        <item>
                            <label>$LOCALIZE[20360]:</label>
                            <label2>$INFO[Container(100).ListItem.Property(Episode)]</label2>
                            <onclick>noop</onclick>
                            <visible>!IsEmpty(Container(100).ListItem.Property(Episode))</visible>
                        </item>
                        <item>
                            <label>$LOCALIZE[567]:</label>
                            <label2>$INFO[Container(100).ListItem.Property(Playcount)]</label2>
                            <onclick>noop</onclick>
                            <visible>!IsEmpty(Container(100).ListItem.Property(Playcount))</visible>
                        </item>
                        <item>
                            <label>$LOCALIZE[15311]</label>
                            <label2>$INFO[Container(100).ListItem.Property(Path)]</label2>
                            <onclick>noop</onclick>
                            <visible>!IsEmpty(Container(100).ListItem.Property(Path))</visible>
                        </item>
                    </content>
                </control>
                <control type="list" id="140">
                    <width>1200</width>
                    <height>750</height>
                    <onleft>9000</onleft>
                    <itemlayout width="1200" height="60">
                        <control type="label">
                            <left>60</left>
                            <top>0</top>
                            <width>1080</width>
                            <height>60</height>
                            <aligny>center</aligny>
                            <font>font12</font>
                            <label>$INFO[ListItem.Label]</label>
                            <textcolor>white</textcolor>
                        </control>
                        <control type="label">
                            <left>60</left>
                            <top>0</top>
                            <width>1080</width>
                            <height>60</height>
                            <aligny>center</aligny>
                            <font>font12</font>
                            <label>$INFO[ListItem.Label2]</label>
                            <align>right</align>
                        </control>
                    </itemlayout>
                    <focusedlayout width="1200" height="60">
                        <control type="image">
                            <left>0</left>
                            <top>0</top>
                            <width>1200</width>
                            <height>60</height>
                            <texture border="60" colordiffuse="$VAR[ColorHighlightVar]">MenuItemFO.png</texture>
                            <visible>Control.HasFocus(140)</visible>
                        </control>
                        <control type="label">
                            <left>60</left>
                            <top>0</top>
                            <width>1080</width>
                            <height>60</height>
                            <aligny>center</aligny>
                            <font>font12</font>
                            <label>$INFO[ListItem.Label]</label>
                            <textcolor>white</textcolor>
                        </control>
                        <control type="label">
                            <left>60</left>
                            <top>0</top>
                            <width>1080</width>
                            <height>60</height>
                            <aligny>center</aligny>
                            <font>font12</font>
                            <label>$INFO[ListItem.Label2]</label>
                            <align>right</align>
                            <scroll>true</scroll>
                        </control>
                    </focusedlayout>
                    <content>
                        <item>
                            <label>$LOCALIZE[20364]:</label>
                            <label2>$INFO[Container(100).ListItem.Property(TVShowTitle)]</label2>
                            <onclick>noop</onclick>
                            <visible>!IsEmpty(Container(100).ListItem.Property(TVShowTitle))</visible>
                        </item>
                        <item>
                            <label>$LOCALIZE[20373]:</label>
                            <label2>$INFO[Container(100).ListItem.Property(Season)]</label2>
                            <onclick>noop</onclick>
                            <visible>!IsEmpty(Container(100).ListItem.Property(Season))</visible>
                        </item>
                        <item>
                            <label>$LOCALIZE[20360]:</label>
                            <label2>$INFO[Container(100).ListItem.Property(Episode)]</label2>
                            <onclick>noop</onclick>
                            <visible>!IsEmpty(Container(100).ListItem.Property(Episode))</visible>
                        </item>
                        <item>
                            <label>$LOCALIZE[20339]:</label>
                            <label2>$INFO[Container(100).ListItem.Property(Director)]</label2>
                            <onclick>noop</onclick>
                            <visible>!IsEmpty(Container(100).ListItem.Property(Director))</visible>
                        </item>
                        <item>
                            <label>$LOCALIZE[20416]:</label>
                            <label2>$INFO[Container(100).ListItem.Property(Premiered)]</label2>
                            <onclick>noop</onclick>
                            <visible>!IsEmpty(Container(100).ListItem.Property(Premiered))</visible>
                        </item>
                        <item>
                            <label>$LOCALIZE[2050]:</label>
                            <label2>$INFO[Container(100).ListItem.Property(Duration),, $LOCALIZE[12391]]</label2>
                            <onclick>noop</onclick>
                            <visible>!IsEmpty(Container(100).ListItem.Property(Duration)) + !SubString(Container(100).ListItem.Property(Duration),min)</visible>
                        </item>
                        <item>
                            <label>$LOCALIZE[2050]:</label>
                            <label2>$INFO[Container(100).ListItem.Property(Duration)]</label2>
                            <onclick>noop</onclick>
                            <visible>!IsEmpty(Container(100).ListItem.Property(Duration)) + SubString(Container(100).ListItem.Property(Duration),min)</visible>
                        </item>
                        <item>
                            <label>$LOCALIZE[563]:</label>
                            <label2>$INFO[Container(100).ListItem.Property(Rating)]</label2>
                            <onclick>noop</onclick>
                            <visible>!IsEmpty(Container(100).ListItem.Property(Rating))</visible>
                        </item>
                        <item>
                            <label>$LOCALIZE[38018]:</label>
                            <label2>$INFO[Container(100).ListItem.Property(UserRating)]</label2>
                            <onclick>noop</onclick>
                            <visible>!IsEmpty(Container(100).ListItem.Property(UserRating))</visible>
                        </item>
                        <item>
                            <label>$LOCALIZE[567]:</label>
                            <label2>$INFO[Container(100).ListItem.Property(Playcount)]</label2>
                            <onclick>noop</onclick>
                            <visible>!IsEmpty(Container(100).ListItem.Property(Playcount))</visible>
                        </item>
                        <item>
                            <label>$LOCALIZE[15311]</label>
                            <label2>$INFO[Container(100).ListItem.Property(Path)]</label2>
                            <onclick>noop</onclick>
                            <visible>!IsEmpty(Container(100).ListItem.Property(Path))</visible>
                        </item>
                    </content>
                </control>
                <control type="list" id="150">
                    <width>1200</width>
                    <height>750</height>
                    <onleft>9000</onleft>
                    <itemlayout width="1200" height="60">
                        <control type="label">
                            <left>60</left>
                            <top>0</top>
                            <width>1080</width>
                            <height>60</height>
                            <aligny>center</aligny>
                            <font>font12</font>
                            <label>$INFO[ListItem.Label]</label>
                            <textcolor>white</textcolor>
                        </control>
                        <control type="label">
                            <left>60</left>
                            <top>0</top>
                            <width>1080</width>
                            <height>60</height>
                            <aligny>center</aligny>
                            <font>font12</font>
                            <label>$INFO[ListItem.Label2]</label>
                            <align>right</align>
                        </control>
                    </itemlayout>
                    <focusedlayout width="1200" height="60">
                        <control type="image">
                            <left>0</left>
                            <top>0</top>
                            <width>1200</width>
                            <height>60</height>
                            <texture border="60" colordiffuse="$VAR[ColorHighlightVar]">MenuItemFO.png</texture>
                            <visible>Control.HasFocus(150)</visible>
                        </control>
                        <control type="label">
                            <left>60</left>
                            <top>0</top>
                            <width>1080</width>
                            <height>60</height>
                            <aligny>center</aligny>
                            <font>font12</font>
                            <label>$INFO[ListItem.Label]</label>
                            <textcolor>white</textcolor>
                        </control>
                        <control type="label">
                            <left>60</left>
                            <top>0</top>
                            <width>1080</width>
                            <height>60</height>
                            <aligny>center</aligny>
                            <font>font12</font>
                            <label>$INFO[ListItem.Label2]</label>
                            <align>right</align>
                            <scroll>true</scroll>
                        </control>
                    </focusedlayout>
                    <content>
                        <item>
                            <label>$LOCALIZE[557]:</label>
                            <label2>$INFO[Container(100).ListItem.Property(Artist)]</label2>
                            <onclick>noop</onclick>
                            <visible>!IsEmpty(Container(100).ListItem.Property(Artist))</visible>
                        </item>
                        <item>
                            <label>$LOCALIZE[558]:</label>
                            <label2>$INFO[Container(100).ListItem.Property(Album)]</label2>
                            <onclick>noop</onclick>
                            <visible>!IsEmpty(Container(100).ListItem.Property(Album))</visible>
                        </item>
                        <item>
                            <label>$LOCALIZE[515]:</label>
                            <label2>$INFO[Container(100).ListItem.Property(Genre)]</label2>
                            <onclick>noop</onclick>
                            <visible>!IsEmpty(Container(100).ListItem.Property(Genre))</visible>
                        </item>
                        <item>
                            <label>$LOCALIZE[572]:</label>
                            <label2>$INFO[Container(100).ListItem.Property(Studio)]</label2>
                            <onclick>noop</onclick>
                            <visible>!IsEmpty(Container(100).ListItem.Property(Studio))</visible>
                        </item>
                        <item>
                            <label>$LOCALIZE[20339]:</label>
                            <label2>$INFO[Container(100).ListItem.Property(Director)]</label2>
                            <onclick>noop</onclick>
                            <visible>!IsEmpty(Container(100).ListItem.Property(Director))</visible>
                        </item>
                        <item>
                            <label>$LOCALIZE[562]:</label>
                            <label2>$INFO[Container(100).ListItem.Property(Year)]</label2>
                            <onclick>noop</onclick>
                            <visible>!IsEmpty(Container(100).ListItem.Property(Year))</visible>
                        </item>
                        <item>
                            <label>$LOCALIZE[2050]:</label>
                            <label2>$INFO[Container(100).ListItem.Property(Duration)]</label2>
                            <onclick>noop</onclick>
                            <visible>!IsEmpty(Container(100).ListItem.Property(Duration))</visible>
                        </item>
                        <item>
                            <label>$LOCALIZE[563]:</label>
                            <label2>$INFO[Container(100).ListItem.Property(Rating)]</label2>
                            <onclick>noop</onclick>
                            <visible>!IsEmpty(Container(100).ListItem.Property(Rating))</visible>
                        </item>
                        <item>
                            <label>$LOCALIZE[38018]:</label>
                            <label2>$INFO[Container(100).ListItem.Property(UserRating)]</label2>
                            <onclick>noop</onclick>
                            <visible>!IsEmpty(Container(100).ListItem.Property(UserRating))</visible>
                        </item>
                        <item>
                            <label>$LOCALIZE[567]:</label>
                            <label2>$INFO[Container(100).ListItem.Property(Playcount)]</label2>
                            <onclick>noop</onclick>
                            <visible>!IsEmpty(Container(100).ListItem.Property(Playcount))</visible>
                        </item>
                        <item>
                            <label>$LOCALIZE[15311]</label>
                            <label2>$INFO[Container(100).ListItem.Property(Path)]</label2>
                            <onclick>noop</onclick>
                            <visible>!IsEmpty(Container(100).ListItem.Property(Path))</visible>
                        </item>
                    </content>
                </control>
                <control type="list" id="160">
                    <width>1200</width>
                    <height>750</height>
                    <onleft>9000</onleft>
                    <itemlayout width="1200" height="60">
                        <control type="label">
                            <left>60</left>
                            <top>0</top>
                            <width>1080</width>
                            <height>60</height>
                            <aligny>center</aligny>
                            <font>font12</font>
                            <label>$INFO[ListItem.Label]</label>
                            <textcolor>white</textcolor>
                        </control>
                        <control type="label">
                            <left>60</left>
                            <top>0</top>
                            <width>1080</width>
                            <height>60</height>
                            <aligny>center</aligny>
                            <font>font12</font>
                            <label>$INFO[ListItem.Label2]</label>
                            <align>right</align>
                        </control>
                    </itemlayout>
                    <focusedlayout width="1200" height="60">
                        <control type="image">
                            <left>0</left>
                            <top>0</top>
                            <width>1200</width>
                            <height>60</height>
                            <texture border="60" colordiffuse="$VAR[ColorHighlightVar]">MenuItemFO.png</texture>
                            <visible>Control.HasFocus(160)</visible>
                        </control>
                        <control type="label">
                            <left>60</left>
                            <top>0</top>
                            <width>1080</width>
                            <height>60</height>
                            <aligny>center</aligny>
                            <font>font12</font>
                            <label>$INFO[ListItem.Label]</label>
                            <textcolor>white</textcolor>
                        </control>
                        <control type="label">
                            <left>60</left>
                            <top>0</top>
                            <width>1080</width>
                            <height>60</height>
                            <aligny>center</aligny>
                            <font>font12</font>
                            <label>$INFO[ListItem.Label2]</label>
                            <align>right</align>
                            <scroll>true</scroll>
                        </control>
                    </focusedlayout>
                    <content>
                        <item>
                            <label>$LOCALIZE[21893]:</label>
                            <label2>$INFO[Container(100).ListItem.Property(Artist_Born)]</label2>
                            <onclick>noop</onclick>
                            <visible>!IsEmpty(Container(100).ListItem.Property(Artist_Born))</visible>
                        </item>
                        <item>
                            <label>$LOCALIZE[21894]:</label>
                            <label2>$INFO[Container(100).ListItem.Property(Artist_Formed)]</label2>
                            <onclick>noop</onclick>
                            <visible>!IsEmpty(Container(100).ListItem.Property(Artist_Formed))</visible>
                        </item>
                        <item>
                            <label>$LOCALIZE[21897]:</label>
                            <label2>$INFO[Container(100).ListItem.Property(Artist_Died)]</label2>
                            <onclick>noop</onclick>
                            <visible>!IsEmpty(Container(100).ListItem.Property(Artist_Died))</visible>
                        </item>
                        <item>
                            <label>$LOCALIZE[21896]:</label>
                            <label2>$INFO[Container(100).ListItem.Property(Artist_Disbanded)]</label2>
                            <onclick>noop</onclick>
                            <visible>!IsEmpty(Container(100).ListItem.Property(Artist_Disbanded))</visible>
                        </item>
                        <item>
                            <label>$LOCALIZE[21898]:</label>
                            <label2>$INFO[Container(100).ListItem.Property(Artist_YearsActive)]</label2>
                            <onclick>noop</onclick>
                            <visible>!IsEmpty(Container(100).ListItem.Property(Artist_YearsActive))</visible>
                        </item>
                        <item>
                            <label>$LOCALIZE[175]:</label>
                            <label2>$INFO[Container(100).ListItem.Property(Artist_Mood)]</label2>
                            <onclick>noop</onclick>
                            <visible>!IsEmpty(Container(100).ListItem.Property(Artist_Mood))</visible>
                        </item>
                        <item>
                            <label>$LOCALIZE[176]:</label>
                            <label2>$INFO[Container(100).ListItem.Property(Artist_Style)]</label2>
                            <onclick>noop</onclick>
                            <visible>!IsEmpty(Container(100).ListItem.Property(Artist_Style))</visible>
                        </item>
                        <item>
                            <label>$LOCALIZE[515]:</label>
                            <label2>$INFO[Container(100).ListItem.Property(Genre)]</label2>
                            <onclick>noop</onclick>
                            <visible>!IsEmpty(Container(100).ListItem.Property(Genre))</visible>
                        </item>
                        <item>
                            <label>$LOCALIZE[15311]:</label>
                            <label2>$INFO[Container(100).ListItem.Property(Path)]</label2>
                            <onclick>noop</onclick>
                            <visible>!IsEmpty(Container(100).ListItem.Property(Path))</visible>
                        </item>
                    </content>
                </control>
                <control type="list" id="170">
                    <width>1200</width>
                    <height>750</height>
                    <onleft>9000</onleft>
                    <itemlayout width="1200" height="60">
                        <control type="label">
                            <left>60</left>
                            <top>0</top>
                            <width>1080</width>
                            <height>60</height>
                            <aligny>center</aligny>
                            <font>font12</font>
                            <label>$INFO[ListItem.Label]</label>
                            <textcolor>white</textcolor>
                        </control>
                        <control type="label">
                            <left>60</left>
                            <top>0</top>
                            <width>1080</width>
                            <height>60</height>
                            <aligny>center</aligny>
                            <font>font12</font>
                            <label>$INFO[ListItem.Label2]</label>
                            <align>right</align>
                        </control>
                    </itemlayout>
                    <focusedlayout width="1200" height="60">
                        <control type="image">
                            <left>0</left>
                            <top>0</top>
                            <width>1200</width>
                            <height>60</height>
                            <texture border="60" colordiffuse="$VAR[ColorHighlightVar]">MenuItemFO.png</texture>
                            <visible>Control.HasFocus(170)</visible>
                        </control>
                        <control type="label">
                            <left>60</left>
                            <top>0</top>
                            <width>1080</width>
                            <height>60</height>
                            <aligny>center</aligny>
                            <font>font12</font>
                            <label>$INFO[ListItem.Label]</label>
                            <textcolor>white</textcolor>
                        </control>
                        <control type="label">
                            <left>60</left>
                            <top>0</top>
                            <width>1080</width>
                            <height>60</height>
                            <aligny>center</aligny>
                            <font>font12</font>
                            <label>$INFO[ListItem.Label2]</label>
                            <align>right</align>
                            <scroll>true</scroll>
                        </control>
                    </focusedlayout>
                    <content>
                        <item>
                            <label>$LOCALIZE[557]:</label>
                            <label2>$INFO[Container(100).ListItem.Property(Artist)]</label2>
                            <onclick>noop</onclick>
                            <visible>!IsEmpty(Container(100).ListItem.Property(Artist))</visible>
                        </item>
                        <item>
                            <label>$LOCALIZE[515]:</label>
                            <label2>$INFO[Container(100).ListItem.Property(Genre)]</label2>
                            <onclick>noop</onclick>
                            <visible>!IsEmpty(Container(100).ListItem.Property(Genre))</visible>
                        </item>
                        <item>
                            <label>$LOCALIZE[563]:</label>
                            <label2>$INFO[Container(100).ListItem.Property(Album_Rating)]</label2>
                            <onclick>noop</onclick>
                            <visible>!IsEmpty(Container(100).ListItem.Property(Album_Rating))</visible>
                        </item>
                        <item>
                            <label>$LOCALIZE[38018]:</label>
                            <label2>$INFO[Container(100).ListItem.Property(UserRating)]</label2>
                            <onclick>noop</onclick>
                            <visible>!IsEmpty(Container(100).ListItem.Property(UserRating))</visible>
                        </item>
                        <item>
                            <label>$LOCALIZE[175]:</label>
                            <label2>$INFO[Container(100).ListItem.Property(Album_Mood)]</label2>
                            <onclick>noop</onclick>
                            <visible>!IsEmpty(Container(100).ListItem.Property(Album_Mood))</visible>
                        </item>
                        <item>
                            <label>$LOCALIZE[176]:</label>
                            <label2>$INFO[Container(100).ListItem.Property(Album_Style)]</label2>
                            <onclick>noop</onclick>
                            <visible>!IsEmpty(Container(100).ListItem.Property(Album_Style))</visible>
                        </item>
                        <item>
                            <label>$LOCALIZE[21895]:</label>
                            <label2>$INFO[Container(100).ListItem.Property(Album_Theme)]</label2>
                            <onclick>noop</onclick>
                            <visible>!IsEmpty(Container(100).ListItem.Property(Album_Theme))</visible>
                        </item>
                        <item>
                            <label>$LOCALIZE[146]</label>
                            <label2>$INFO[Container(100).ListItem.Property(Album_Type)]</label2>
                            <onclick>noop</onclick>
                            <visible>!IsEmpty(Container(100).ListItem.Property(Album_Type))</visible>
                        </item>
                        <item>
                            <label>$LOCALIZE[21899]:</label>
                            <label2>$INFO[Container(100).ListItem.Property(Album_Label)]</label2>
                            <onclick>noop</onclick>
                            <visible>!IsEmpty(Container(100).ListItem.Property(Album_Label))</visible>
                        </item>
                        <item>
                            <label>$LOCALIZE[562]:</label>
                            <label2>$INFO[Container(100).ListItem.Property(Year)]</label2>
                            <onclick>noop</onclick>
                            <visible>!IsEmpty(Container(100).ListItem.Property(Year))</visible>
                        </item>
                        <item>
                            <label>$LOCALIZE[15311]</label>
                            <label2>$INFO[Container(100).ListItem.Property(Path)]</label2>
                            <onclick>noop</onclick>
                            <visible>!IsEmpty(Container(100).ListItem.Property(Path))</visible>
                        </item>
                    </content>
                </control>
                <control type="list" id="180">
                    <width>1200</width>
                    <height>750</height>
                    <onleft>9000</onleft>
                    <itemlayout width="1200" height="60">
                        <control type="label">
                            <left>60</left>
                            <top>0</top>
                            <width>1080</width>
                            <height>60</height>
                            <aligny>center</aligny>
                            <font>font12</font>
                            <label>$INFO[ListItem.Label]</label>
                            <textcolor>white</textcolor>
                        </control>
                        <control type="label">
                            <left>60</left>
                            <top>0</top>
                            <width>1080</width>
                            <height>60</height>
                            <aligny>center</aligny>
                            <font>font12</font>
                            <label>$INFO[ListItem.Label2]</label>
                            <align>right</align>
                        </control>
                    </itemlayout>
                    <focusedlayout width="1200" height="60">
                        <control type="image">
                            <left>0</left>
                            <top>0</top>
                            <width>1200</width>
                            <height>60</height>
                            <texture border="60" colordiffuse="$VAR[ColorHighlightVar]">MenuItemFO.png</texture>
                            <visible>Control.HasFocus(180)</visible>
                        </control>
                        <control type="label">
                            <left>60</left>
                            <top>0</top>
                            <width>1080</width>
                            <height>60</height>
                            <aligny>center</aligny>
                            <font>font12</font>
                            <label>$INFO[ListItem.Label]</label>
                            <textcolor>white</textcolor>
                        </control>
                        <control type="label">
                            <left>60</left>
                            <top>0</top>
                            <width>1080</width>
                            <height>60</height>
                            <aligny>center</aligny>
                            <font>font12</font>
                            <label>$INFO[ListItem.Label2]</label>
                            <align>right</align>
                            <scroll>true</scroll>
                        </control>
                    </focusedlayout>
                    <content>
                        <item>
                            <label>$LOCALIZE[557]:</label>
                            <label2>$INFO[Container(100).ListItem.Property(Artist)]</label2>
                            <onclick>noop</onclick>
                            <visible>!IsEmpty(Container(100).ListItem.Property(Artist))</visible>
                        </item>
                        <item>
                            <label>$LOCALIZE[558]</label>
                            <label2>$INFO[Container(100).ListItem.Property(Album)]</label2>
                            <onclick>noop</onclick>
                            <visible>!IsEmpty(Container(100).ListItem.Property(Album))</visible>
                        </item>
                        <item>
                            <label>$LOCALIZE[554]:</label>
                            <label2>$INFO[Container(100).ListItem.Property(Track)]</label2>
                            <onclick>noop</onclick>
                            <visible>!IsEmpty(Container(100).ListItem.Property(Track))</visible>
                        </item>
                        <item>
                            <label>$LOCALIZE[2050]:</label>
                            <label2>$INFO[Container(100).ListItem.Property(Duration),, $LOCALIZE[12391]]</label2>
                            <onclick>noop</onclick>
                            <visible>!IsEmpty(Container(100).ListItem.Property(Duration)) + !SubString(Container(100).ListItem.Property(Duration),min)</visible>
                        </item>
                        <item>
                            <label>$LOCALIZE[2050]:</label>
                            <label2>$INFO[Container(100).ListItem.Property(Duration)]</label2>
                            <onclick>noop</onclick>
                            <visible>!IsEmpty(Container(100).ListItem.Property(Duration)) + SubString(Container(100).ListItem.Property(Duration),min)</visible>
                        </item>
                        <item>
                            <label>$LOCALIZE[563]:</label>
                            <label2>$INFO[Container(100).ListItem.Property(Rating)]</label2>
                            <onclick>noop</onclick>
                            <visible>!IsEmpty(Container(100).ListItem.Property(Rating))</visible>
                        </item>
                        <item>
                            <label>$LOCALIZE[38018]:</label>
                            <label2>$INFO[Container(100).ListItem.Property(UserRating)]</label2>
                            <onclick>noop</onclick>
                            <visible>!IsEmpty(Container(100).ListItem.Property(UserRating))</visible>
                        </item>
                        <item>
                            <label>$LOCALIZE[515]:</label>
                            <label2>$INFO[Container(100).ListItem.Property(Genre)]</label2>
                            <onclick>noop</onclick>
                            <visible>!IsEmpty(Container(100).ListItem.Property(Genre))</visible>
                        </item>
                        <item>
                            <label>$LOCALIZE[562]:</label>
                            <label2>$INFO[Container(100).ListItem.Property(Year)]</label2>
                            <onclick>noop</onclick>
                            <visible>!IsEmpty(Container(100).ListItem.Property(Year))</visible>
                        </item>
                        <item>
                            <label>$LOCALIZE[567]:</label>
                            <label2>$INFO[Container(100).ListItem.Property(Playcount)]</label2>
                            <onclick>noop</onclick>
                            <visible>!IsEmpty(Container(100).ListItem.Property(Playcount))</visible>
                        </item>
                        <item>
                            <label>$LOCALIZE[15311]</label>
                            <label2>$INFO[Container(100).ListItem.Property(Path)]</label2>
                            <onclick>noop</onclick>
                            <visible>!IsEmpty(Container(100).ListItem.Property(Path))</visible>
                        </item>
                    </content>
                </control>
                <control type="list" id="200">
                    <width>1200</width>
                    <height>750</height>
                    <onleft>9000</onleft>
                    <itemlayout width="1200" height="60">
                        <control type="label">
                            <left>60</left>
                            <top>0</top>
                            <width>1080</width>
                            <height>60</height>
                            <aligny>center</aligny>
                            <font>font12</font>
                            <label>$INFO[ListItem.Label]</label>
                            <textcolor>white</textcolor>
                        </control>
                        <control type="label">
                            <left>60</left>
                            <top>0</top>
                            <width>1080</width>
                            <height>60</height>
                            <aligny>center</aligny>
                            <font>font12</font>
                            <label>$INFO[ListItem.Label2]</label>
                            <align>right</align>
                        </control>
                    </itemlayout>
                    <focusedlayout width="1200" height="60">
                        <control type="image">
                            <left>0</left>
                            <top>0</top>
                            <width>1200</width>
                            <height>60</height>
                            <texture border="60" colordiffuse="$VAR[ColorHighlightVar]">MenuItemFO.png</texture>
                            <visible>Control.HasFocus(200)</visible>
                        </control>
                        <control type="label">
                            <left>60</left>
                            <top>0</top>
                            <width>1080</width>
                            <height>60</height>
                            <aligny>center</aligny>
                            <font>font12</font>
                            <label>$INFO[ListItem.Label]</label>
                            <textcolor>white</textcolor>
                        </control>
                        <control type="label">
                            <left>60</left>
                            <top>0</top>
                            <width>1080</width>
                            <height>60</height>
                            <aligny>center</aligny>
                            <font>font12</font>
                            <label>$INFO[ListItem.Label2]</label>
                            <align>right</align>
                            <scroll>true</scroll>
                        </control>
                    </focusedlayout>
                    <content>
                        <item>
                            <label>$LOCALIZE[19080]:</label>
                            <label2>$INFO[Container(100).ListItem.Property(StartTime)]</label2>
                            <onclick>noop</onclick>
                            <visible>!IsEmpty(Container(100).ListItem.Property(StartTime))</visible>
                        </item>
                        <item>
                            <label>$LOCALIZE[19081]:</label>
                            <label2>$INFO[Container(100).ListItem.Property(EndTime)]</label2>
                            <onclick>noop</onclick>
                            <visible>!IsEmpty(Container(100).ListItem.Property(EndTime))</visible>
                        </item>
                        <item>
                            <label>$LOCALIZE[2050]:</label>
                            <label2>$INFO[Container(100).ListItem.Property(Duration),, $LOCALIZE[12391]]</label2>
                            <onclick>noop</onclick>
                            <visible>!IsEmpty(Container(100).ListItem.Property(Duration))</visible>
                        </item>
                        <item>
                            <label>$LOCALIZE[515]:</label>
                            <label2>$INFO[Container(100).ListItem.Property(Genre)]</label2>
                            <onclick>noop</onclick>
                            <visible>!IsEmpty(Container(100).ListItem.Property(Genre))</visible>
                        </item>
                    </content>
                </control>
                <control type="grouplist">
                    <orientation>horizontal</orientation>
                    <left>300</left>
                    <top>600</top>
                    <width>1150</width>
                    <align>center</align>
                    <itemgap>80</itemgap>
                    <visible>Control.IsVisible(110) | Control.IsVisible(140) | Control.IsVisible(150)</visible>
                    <control type="image">
                        <width>166</width>
                        <height>90</height>
                        <aspectratio align="center" aligny="top">keep</aspectratio>
                        <texture>$INFO[Container(100).ListItem.Property(AudioChannels),globalsearch-flags/audiochannel/,.png]</texture>
                    </control>
                    <control type="image">
                        <width>166</width>
                        <height>90</height>
                        <aspectratio align="center" aligny="top">keep</aspectratio>
                        <texture>$INFO[Container(100).ListItem.Property(AudioCodec),globalsearch-flags/audiocodec/,.png]</texture>
                    </control>
                    <control type="image">
                        <width>166</width>
                        <height>90</height>
                        <aspectratio align="center" aligny="top">keep</aspectratio>
                        <texture>$INFO[Container(100).ListItem.Property(VideoResolution),globalsearch-flags/videoresolution/,.png]</texture>
                    </control>
                    <control type="image">
                        <width>166</width>
                        <height>90</height>
                        <aspectratio align="center" aligny="top">keep</aspectratio>
                        <texture>$INFO[Container(100).ListItem.Property(VideoAspect),globalsearch-flags/aspectratio/,.png]</texture>
                    </control>
                    <control type="image">
                        <width>166</width>
                        <height>90</height>
                        <aspectratio align="center" aligny="top">keep</aspectratio>
                        <texture>$INFO[Container(100).ListItem.Property(VideoCodec),globalsearch-flags/videocodec/,.png]</texture>
                    </control>
                </control>
            </control>
        </control>
    </controls>
</window>
