<?xml version="1.0" encoding="UTF-8" standalone="yes"?>
<addon id="script.module.furkitscrapers" name="Furk It Scrapers Module" version="1.0.20" provider-name="Furk It">
    <requires>
        <import addon="xbmc.python" version="2.1.0" />
        <import addon="script.module.beautifulsoup4"/>
    </requires>
    <extension point="xbmc.python.module" library="lib" />
    <extension point="xbmc.python.pluginsource" library="lib/default.py">
        <provides>executable</provides>
    </extension>
        <extension point="xbmc.addon.metadata">
            <platform>all</platform>
            <summary lang="en">Furk It Scrapers Module</summary>
            <description>External Sources for the Furk It add-on.</description>
                <disclaimer lang="en">The author is not responsible for the use of this addon. The author is not responsible for the content found using this addon. The author does not host or own any content found within this addon.[CR]The author is in no way affiliated with Kodi, Team Kodi, or the XBMC Foundation.[CR]This is a Non-profit resource, organized solely for educational purposes which is protected under the Fair-Use doctrine of the Copyright Act, Specifically section 107, which does promote freedom of expression, by permitting the unlicensed use of copyright-protected works.</disclaimer>
    <platform>all</platform>
    <license>GNU GENERAL PUBLIC LICENSE. Version 3, 29 June 2007</license>
    <assets>
        <icon>icon.png</icon>
        <fanart></fanart>
    </assets>
    <news>
[B]Version 1.0.20[/B]
- Added this changelog.
- Added new/fixed scrapers.

[B]Version 1.0.17[/B]
- Updated cfscrape
- Added scrapers (from others. Thanks to those people.)
- Fixed scrapers (well, someone else fixed them and I copied the code. Thanks to those people.)

[B]Version 1.0.16[/B]
- Scraper Update.

[B]Version 1.0.12[/B]
- Added setting to import scraper modules. Any modules from exodus based video add-ons installed on your system can be added (e.g. Exodus Redux, 13 Clowns etc).
- Added setting to remove an imported scraper module.

[B]Version 1.0.08[/B]
- Scraper Update.

[B]Version 1.0.07[/B]
- Scraper Update.

[B]Version 1.0.06[/B]
- Scraper Update.

[B]Version 1.0.05[/B]
- Updated cfscrape to hopefully fix stalling sources and memory leak.
- Re-added quarantined scrapers.

[B]Version 1.0.04[/B]
- Problem with scraper/s causing memory leak. I have quarantined 43 scrapers to try to fix this. Can't say for certain whether it has or not. As I have more time I will add scrapers back individually and test.
- Temporarily added other scraper modules to choose from in scraper settings. (eggscrapers, openscrapers, tempest, scrubs). I added these while testing to see if other add-on's scrapers had the same memory leak problem, which unfortunately they do. These extra source modules will be removed in an upcoming update.
- I'm keeping an eye on Openscrapers so when I think they are ready, I will switch Furk It over to using them instead of maintaining my own.

[B]Version 1.0.03[/B]
- Added couple of scrapers.

[B]Version 1.0.02[/B]
- Added couple of scrapers.
- Limited result numbers for a couple of scrapers.
- Cleaned up settings.

[B]Version 1.0.01[/B]
- Added scrapers
- Limited scnsrc scraper to 20 links per quality.

[B]Version 1.0.00[/B]
- Updated cfscrape.py.
- Added scrapers.
- Removed scrapers.
    </news>
    </extension>
</addon>
